variable,coeff,pvals,conf_lower,conf_higher,subset,n,university_group
Intercept,1.2391730790897122,0.0,1.2050557878019583,1.273290370377466,top_10,136290.0,usnr_rank_cat+norm_cit_all_IAC
nb_auteur,0.019624003013626885,1.726788922946531e-139,0.018095964190384773,0.021152041836868998,top_10,136290.0,usnr_rank_cat+norm_cit_all_IAC
career_age,0.011021883936183273,6.260317966659211e-42,0.009430160674231546,0.012613607198135,top_10,136290.0,usnr_rank_cat+norm_cit_all_IAC
hispanic_M,-0.08316876779655641,0.19423450311559104,-0.20873820267765889,0.04240066708454607,top_10,136290.0,usnr_rank_cat+norm_cit_all_IAC
black_M,0.007624385993723013,0.9320675757407595,-0.16768019152410343,0.18292896351154944,top_10,136290.0,usnr_rank_cat+norm_cit_all_IAC
asian_M,0.06759466523672734,0.006455948536826562,0.01895372553497509,0.11623560493847959,top_10,136290.0,usnr_rank_cat+norm_cit_all_IAC
white_F,-0.19768437537156375,2.5334469607403905e-15,-0.24664973127192022,-0.14871901947120728,top_10,136290.0,usnr_rank_cat+norm_cit_all_IAC
hispanic_F,-0.3614734346779222,9.294528837978694e-06,-0.5212883931405338,-0.2016584762153106,top_10,136290.0,usnr_rank_cat+norm_cit_all_IAC
black_F,-0.19693621234737876,0.06316509612148571,-0.4046770234547795,0.01080459876002196,top_10,136290.0,usnr_rank_cat+norm_cit_all_IAC
asian_F,-0.03895128044299093,0.20688698448571227,-0.09943704278210223,0.021534481896120367,top_10,136290.0,usnr_rank_cat+norm_cit_all_IAC
Intercept,0.8221634534318663,0.0,0.8081180550423426,0.8362088518213899,top_100,491036.0,usnr_rank_cat+norm_cit_all_IAC
nb_auteur,0.03212849495783874,0.0,0.03119141111458511,0.033065578801092364,top_100,491036.0,usnr_rank_cat+norm_cit_all_IAC
career_age,0.009105727618431612,1.5760172370976933e-185,0.008491621919581333,0.009719833317281892,top_100,491036.0,usnr_rank_cat+norm_cit_all_IAC
hispanic_M,-0.09139634924173683,0.0002452276814492591,-0.14024370349190315,-0.0425489949915705,top_100,491036.0,usnr_rank_cat+norm_cit_all_IAC
black_M,-0.10620688882700847,0.0019849557130545556,-0.17351903618378423,-0.03889474147023271,top_100,491036.0,usnr_rank_cat+norm_cit_all_IAC
asian_M,0.0768080053859447,7.054321539936176e-15,0.05746754054207685,0.09614847022981256,top_100,491036.0,usnr_rank_cat+norm_cit_all_IAC
white_F,-0.06119281180233052,9.093846678565912e-10,-0.08077524480253276,-0.04161037880212829,top_100,491036.0,usnr_rank_cat+norm_cit_all_IAC
hispanic_F,-0.12879808969568976,1.7324745745048453e-05,-0.18754766735413253,-0.07004851203724698,top_100,491036.0,usnr_rank_cat+norm_cit_all_IAC
black_F,-0.2167912900563282,7.829664544073234e-08,-0.2959007444468696,-0.1376818356657868,top_100,491036.0,usnr_rank_cat+norm_cit_all_IAC
asian_F,0.0021818622180577274,0.8612417258018941,-0.022283431778499917,0.026647156214615372,top_100,491036.0,usnr_rank_cat+norm_cit_all_IAC
Intercept,0.4779170764763905,0.0,0.46250565003731964,0.4933285029154613,not_top,320190.0,usnr_rank_cat+norm_cit_all_IAC
nb_auteur,0.06125421043823874,0.0,0.05920428476747235,0.06330413610900512,not_top,320190.0,usnr_rank_cat+norm_cit_all_IAC
career_age,0.0075324001608507545,7.27698399248616e-129,0.006921389625387232,0.008143410696314277,not_top,320190.0,usnr_rank_cat+norm_cit_all_IAC
hispanic_M,-0.08516780695340621,0.000365935812526023,-0.13201064368753757,-0.03832497021927485,not_top,320190.0,usnr_rank_cat+norm_cit_all_IAC
black_M,-0.10592019272043736,0.0009420168103288766,-0.16869010642504204,-0.04315027901583268,not_top,320190.0,usnr_rank_cat+norm_cit_all_IAC
asian_M,0.11270802806646175,3.619164231271084e-29,0.09300493046886645,0.13241112566405708,not_top,320190.0,usnr_rank_cat+norm_cit_all_IAC
white_F,-0.03028185118813296,0.0020167032175314233,-0.04950324373090792,-0.011060458645357998,not_top,320190.0,usnr_rank_cat+norm_cit_all_IAC
hispanic_F,-0.0612047381118183,0.03026264144591278,-0.11657122236120879,-0.005838253862427818,not_top,320190.0,usnr_rank_cat+norm_cit_all_IAC
black_F,-0.10652721445107283,0.004737025241035033,-0.18045064674362163,-0.032603782158524025,not_top,320190.0,usnr_rank_cat+norm_cit_all_IAC
asian_F,0.01616195801829217,0.21249388212414808,-0.009245892785729345,0.04156980882231369,not_top,320190.0,usnr_rank_cat+norm_cit_all_IAC
Intercept,1.2015383099542056,0.0,1.1868877141745267,1.2161889057338846,top_10,136290.0,usnr_rank_cat+norm_FI_2
nb_auteur,0.008804826499159858,4.597002022774126e-152,0.008148658371797056,0.009460994626522659,top_10,136290.0,usnr_rank_cat+norm_FI_2
career_age,0.0024403780437164593,2.6122869403313353e-12,0.0017568626407120768,0.0031238934467208417,top_10,136290.0,usnr_rank_cat+norm_FI_2
hispanic_M,0.020565587418744515,0.4547452418369138,-0.03335624996305548,0.07448742480054452,top_10,136290.0,usnr_rank_cat+norm_FI_2
black_M,-0.14308854889378675,0.00019501858454189856,-0.21836757623154518,-0.06780952155602833,top_10,136290.0,usnr_rank_cat+norm_FI_2
asian_M,0.05508428398611932,2.3582474147900674e-07,0.034196965004559245,0.07597160296767941,top_10,136290.0,usnr_rank_cat+norm_FI_2
white_F,-0.10725969769772273,1.5822838205013858e-23,-0.12828632699410364,-0.08623306840134183,top_10,136290.0,usnr_rank_cat+norm_FI_2
hispanic_F,-0.14324438301500336,4.297305483889175e-05,-0.21187188149470665,-0.07461688453530006,top_10,136290.0,usnr_rank_cat+norm_FI_2
black_F,-0.18860049295824363,3.418972173941444e-05,-0.27780823881377825,-0.09939274710270903,top_10,136290.0,usnr_rank_cat+norm_FI_2
asian_F,0.027998225925395765,0.03462379715450225,0.0020245210675856502,0.053971930783205876,top_10,136290.0,usnr_rank_cat+norm_FI_2
Intercept,0.9412901694109833,0.0,0.9354190910332653,0.9471612477887014,top_100,491036.0,usnr_rank_cat+norm_FI_2
nb_auteur,0.010898674885479683,0.0,0.010506967043690092,0.011290382727269274,top_100,491036.0,usnr_rank_cat+norm_FI_2
career_age,0.002836425821544364,5.872135346009989e-104,0.0025797251862072702,0.0030931264568814574,top_100,491036.0,usnr_rank_cat+norm_FI_2
hispanic_M,-0.025584707501282958,0.01405487937417158,-0.04600325579684413,-0.005166159205721783,top_100,491036.0,usnr_rank_cat+norm_FI_2
black_M,-0.04480869585531144,0.0018007069332213962,-0.07294566156779067,-0.016671730142832214,top_100,491036.0,usnr_rank_cat+norm_FI_2
asian_M,0.05629925989819858,2.0832895642020076e-42,0.04821480534512984,0.06438371445126732,top_100,491036.0,usnr_rank_cat+norm_FI_2
white_F,-0.02548497640930957,1.0472842792073785e-09,-0.033670575406370064,-0.017299377412249073,top_100,491036.0,usnr_rank_cat+norm_FI_2
hispanic_F,-0.04237300127884857,0.0007201428187780294,-0.06693075076552935,-0.017815251792167797,top_100,491036.0,usnr_rank_cat+norm_FI_2
black_F,-0.09157903649906989,5.7043117597819335e-08,-0.1246473621004153,-0.05851071089772447,top_100,491036.0,usnr_rank_cat+norm_FI_2
asian_F,0.030112464018538326,7.87866841798093e-09,0.019885793716694616,0.04033913432038204,top_100,491036.0,usnr_rank_cat+norm_FI_2
Intercept,0.7128394733977603,0.0,0.7068614861285081,0.7188174606670126,not_top,320190.0,usnr_rank_cat+norm_FI_2
nb_auteur,0.029073444889565647,0.0,0.0282782926944588,0.029868597084672495,not_top,320190.0,usnr_rank_cat+norm_FI_2
career_age,0.0022826245933479897,1.9633494397493476e-79,0.0020456177713759566,0.0025196314153200228,not_top,320190.0,usnr_rank_cat+norm_FI_2
hispanic_M,-0.041158050714742704,9.013338085195842e-06,-0.05932806779650884,-0.02298803363297657,not_top,320190.0,usnr_rank_cat+norm_FI_2
black_M,-0.06419838026051229,2.369404980155806e-07,-0.08854640193791471,-0.03985035858310986,not_top,320190.0,usnr_rank_cat+norm_FI_2
asian_M,0.04745111063169486,4.634362808825945e-34,0.039808413372688846,0.055093807890700876,not_top,320190.0,usnr_rank_cat+norm_FI_2
white_F,-0.008253728445169887,0.03002909219119271,-0.015709575596780906,-0.0007978812935588693,not_top,320190.0,usnr_rank_cat+norm_FI_2
hispanic_F,-0.04406862750192458,5.776901456462881e-05,-0.06554490935647217,-0.022592345647376985,not_top,320190.0,usnr_rank_cat+norm_FI_2
black_F,-0.09435078663467207,1.1265490937367386e-10,-0.12302518214837711,-0.06567639112096703,not_top,320190.0,usnr_rank_cat+norm_FI_2
asian_F,0.03233468578500875,1.274428892429962e-10,0.02247915364163508,0.042190217928382415,not_top,320190.0,usnr_rank_cat+norm_FI_2
Intercept,0.9033644974255095,0.0,0.8905065517532127,0.9162224430978063,more_selective,646126.0,selindex+norm_cit_all_IAC
nb_auteur,0.02809421770119555,0.0,0.027322808708162737,0.028865626694228364,more_selective,646126.0,selindex+norm_cit_all_IAC
career_age,0.009006533453516607,4.773337571258515e-210,0.008436013574250232,0.009577053332782982,more_selective,646126.0,selindex+norm_cit_all_IAC
hispanic_M,-0.10574891906880929,2.9068840785998477e-06,-0.15006144720566467,-0.061436390931953924,more_selective,646126.0,selindex+norm_cit_all_IAC
black_M,-0.15218320091480714,1.5749656662123265e-06,-0.2143039058255262,-0.09006249600408808,more_selective,646126.0,selindex+norm_cit_all_IAC
asian_M,0.07891959157510045,5.310221972232549e-18,0.061030817960582594,0.0968083651896183,more_selective,646126.0,selindex+norm_cit_all_IAC
white_F,-0.09454166755730392,9.941494879940928e-25,-0.11258919833753467,-0.07649413677707317,more_selective,646126.0,selindex+norm_cit_all_IAC
hispanic_F,-0.19607847267428935,1.4163738220099979e-12,-0.2503394080541608,-0.14181753729441796,more_selective,646126.0,selindex+norm_cit_all_IAC
black_F,-0.23019148825420988,7.632310905997451e-10,-0.3035224974601854,-0.15686047904823436,more_selective,646126.0,selindex+norm_cit_all_IAC
asian_F,-0.005380587253734468,0.6406009455560693,-0.027969372855004684,0.01720819834753575,more_selective,646126.0,selindex+norm_cit_all_IAC
Intercept,0.5283323114636962,0.0,0.5093110747396512,0.5473535481877412,selective,249500.0,selindex+norm_cit_all_IAC
nb_auteur,0.061073325184757166,0.0,0.05867805921076403,0.0634685911587503,selective,249500.0,selindex+norm_cit_all_IAC
career_age,0.008646846827007292,2.6742368806919617e-109,0.007884206272221812,0.009409487381792772,selective,249500.0,selindex+norm_cit_all_IAC
hispanic_M,-0.06697310802633089,0.03605849590831889,-0.12959146498982402,-0.004354751062837753,selective,249500.0,selindex+norm_cit_all_IAC
black_M,-0.07594944816018809,0.0628295016764624,-0.15596371893671934,0.004064822616343153,selective,249500.0,selindex+norm_cit_all_IAC
asian_M,0.07841099183457931,3.5060441765849715e-10,0.05391891088685434,0.10290307278230428,selective,249500.0,selindex+norm_cit_all_IAC
white_F,-0.03958930630908834,0.0012517063450884574,-0.06363555273064089,-0.01554305988753579,selective,249500.0,selindex+norm_cit_all_IAC
hispanic_F,-0.05861991709794741,0.11606724338557492,-0.13173051286900506,0.014490678673110227,selective,249500.0,selindex+norm_cit_all_IAC
black_F,-0.14303494503129957,0.002767892899879922,-0.23671944137242984,-0.0493504486901693,selective,249500.0,selindex+norm_cit_all_IAC
asian_F,0.0032132453980192404,0.8416781193869537,-0.028315917824671147,0.034742408620709625,selective,249500.0,selindex+norm_cit_all_IAC
Intercept,0.4288056368275819,1.2842276782589467e-175,0.39917305352664834,0.45843822012851543,inclusive,51890.0,selindex+norm_cit_all_IAC
nb_auteur,0.05544359485600857,1.4992876589377443e-146,0.05124177039234986,0.05964541931966728,inclusive,51890.0,selindex+norm_cit_all_IAC
career_age,0.006249042120346514,9.227006765507143e-25,0.005057504101652632,0.007440580139040396,inclusive,51890.0,selindex+norm_cit_all_IAC
hispanic_M,-0.18079480408245627,3.979299024594711e-05,-0.2670339815861144,-0.09455562657879812,inclusive,51890.0,selindex+norm_cit_all_IAC
black_M,-0.16988588290853562,0.004425484609432767,-0.2868742094590424,-0.052897556358028855,inclusive,51890.0,selindex+norm_cit_all_IAC
asian_M,0.1529694378060409,8.381281738650687e-15,0.1143523895034349,0.19158648610864687,inclusive,51890.0,selindex+norm_cit_all_IAC
white_F,-0.041989454345414276,0.026523997077751188,-0.07908621035074082,-0.00489269834008773,inclusive,51890.0,selindex+norm_cit_all_IAC
hispanic_F,0.000851199785681999,0.9863724547134041,-0.09682504318663505,0.09852744275799906,inclusive,51890.0,selindex+norm_cit_all_IAC
black_F,-0.09303145866899198,0.18708604810681387,-0.23124662757272915,0.045183710234745184,inclusive,51890.0,selindex+norm_cit_all_IAC
asian_F,0.06069350792739236,0.015520646074974557,0.011538096917129523,0.1098489189376552,inclusive,51890.0,selindex+norm_cit_all_IAC
Intercept,0.9872815905428086,0.0,0.9817945109599688,0.9927686701256484,more_selective,646126.0,selindex+norm_FI_2
nb_auteur,0.010742471682017512,0.0,0.01041327581795276,0.011071667546082263,more_selective,646126.0,selindex+norm_FI_2
career_age,0.002589179470949491,1.8788820671724473e-96,0.0023457122747960976,0.002832646667102884,more_selective,646126.0,selindex+norm_FI_2
hispanic_M,-0.03594544906715657,0.00019486515649018164,-0.054855652500946664,-0.017035245633366475,more_selective,646126.0,selindex+norm_FI_2
black_M,-0.10177374422929164,5.298367347937116e-14,-0.12828351960667783,-0.07526396885190545,more_selective,646126.0,selindex+norm_FI_2
asian_M,0.0522152013118628,5.656002934793502e-41,0.04458123497198709,0.05984916765173851,more_selective,646126.0,selindex+norm_FI_2
white_F,-0.04663624760915681,1.7449567735726495e-32,-0.05433796296779604,-0.03893453225051757,more_selective,646126.0,selindex+norm_FI_2
hispanic_F,-0.08045838623373708,9.751155055516777e-12,-0.10361403475309332,-0.05730273771438084,more_selective,646126.0,selindex+norm_FI_2
black_F,-0.12936275787297244,5.408452313586639e-16,-0.1606564881202609,-0.09806902762568398,more_selective,646126.0,selindex+norm_FI_2
asian_F,0.028559352106956728,6.371881509303335e-09,0.018919673465218063,0.03819903074869539,more_selective,646126.0,selindex+norm_FI_2
Intercept,0.7519903572988496,0.0,0.7449393001554395,0.7590414144422596,selective,249500.0,selindex+norm_FI_2
nb_auteur,0.02794820393874342,0.0,0.027060293362721755,0.028836114514765088,selective,249500.0,selindex+norm_FI_2
career_age,0.0026741433714948908,1.1153099956816446e-76,0.002391437141101539,0.0029568496018882425,selective,249500.0,selindex+norm_FI_2
hispanic_M,-0.024154298803756292,0.041399436932665824,-0.04736654412626462,-0.0009420534812479633,selective,249500.0,selindex+norm_FI_2
black_M,-0.0689260147671795,5.250963738195981e-06,-0.09858681988299042,-0.03926520965136856,selective,249500.0,selindex+norm_FI_2
asian_M,0.03634422362756923,4.3144448111056145e-15,0.027265157695692852,0.04542328955944561,selective,249500.0,selindex+norm_FI_2
white_F,-0.016413350899632737,0.00030746143443144544,-0.025327148675386907,-0.0074995531238785645,selective,249500.0,selindex+norm_FI_2
hispanic_F,-0.030815970640933114,0.025842062022079965,-0.057917625283547366,-0.003714315998318861,selective,249500.0,selindex+norm_FI_2
black_F,-0.10367476706089217,4.888390407873823e-09,-0.1384030419221085,-0.06894649219967583,selective,249500.0,selindex+norm_FI_2
asian_F,0.029274134282420008,9.152944776923985e-07,0.017586464611285442,0.040961803953554574,selective,249500.0,selindex+norm_FI_2
Intercept,0.6634990093055977,0.0,0.6502343408411108,0.6767636777700846,inclusive,51890.0,selindex+norm_FI_2
nb_auteur,0.026184589480916565,8.838359563206088e-163,0.024303693445279766,0.028065485516553364,inclusive,51890.0,selindex+norm_FI_2
career_age,0.0015999937593250827,4.139743369587387e-09,0.0010666161384712176,0.0021333713801789476,inclusive,51890.0,selindex+norm_FI_2
hispanic_M,-0.04998375799823351,0.011158398766551513,-0.08858768552688816,-0.01137983046957887,inclusive,51890.0,selindex+norm_FI_2
black_M,-0.05373429080880237,0.04431679896699085,-0.10610270398925942,-0.0013658776283453147,inclusive,51890.0,selindex+norm_FI_2
asian_M,0.08639918133549425,1.2219574526115032e-22,0.06911272549028259,0.1036856371807059,inclusive,51890.0,selindex+norm_FI_2
white_F,0.0025198737797911324,0.7661449645238938,-0.014086041557435536,0.019125789117017802,inclusive,51890.0,selindex+norm_FI_2
hispanic_F,-0.044077630476144755,0.048173626004732094,-0.0878012223994866,-0.00035403855280292246,inclusive,51890.0,selindex+norm_FI_2
black_F,-0.102620501188169,0.0011509502233412977,-0.16449085429414917,-0.040750148082188825,inclusive,51890.0,selindex+norm_FI_2
asian_F,0.05921320287537145,1.3367529324199272e-07,0.03720937608561657,0.08121702966512633,inclusive,51890.0,selindex+norm_FI_2
Intercept,1.0789170967783424,0.0,1.0562592527658694,1.1015749407908153,"(1.77, 4.07)",273783.0,avg_citations_Q+norm_cit_all_IAC
nb_auteur,0.03408465898244125,0.0,0.03289688309229492,0.03527243487258758,"(1.77, 4.07)",273783.0,avg_citations_Q+norm_cit_all_IAC
career_age,0.009465195641776487,1.3948616630225807e-73,0.008443125130311915,0.010487266153241059,"(1.77, 4.07)",273783.0,avg_citations_Q+norm_cit_all_IAC
hispanic_M,-0.07328557764835114,0.07181280741488566,-0.15307057578125477,0.006499420484552473,"(1.77, 4.07)",273783.0,avg_citations_Q+norm_cit_all_IAC
black_M,-0.06608379180612559,0.25742051371097574,-0.18045123394739104,0.048283650335139885,"(1.77, 4.07)",273783.0,avg_citations_Q+norm_cit_all_IAC
asian_M,0.08569875762603196,1.7245712866547986e-07,0.05356390029737658,0.11783361495468735,"(1.77, 4.07)",273783.0,avg_citations_Q+norm_cit_all_IAC
white_F,-0.14706402939753518,2.6664313768376365e-19,-0.17915376208766481,-0.11497429670740555,"(1.77, 4.07)",273783.0,avg_citations_Q+norm_cit_all_IAC
hispanic_F,-0.3220485800301197,1.6748825193928368e-10,-0.4208478864941638,-0.2232492735660756,"(1.77, 4.07)",273783.0,avg_citations_Q+norm_cit_all_IAC
black_F,-0.29002707581910414,2.121493052258353e-05,-0.4237229107092274,-0.15633124092898085,"(1.77, 4.07)",273783.0,avg_citations_Q+norm_cit_all_IAC
asian_F,-0.0429589245907251,0.036762875369327076,-0.08327610549873657,-0.0026417436827136306,"(1.77, 4.07)",273783.0,avg_citations_Q+norm_cit_all_IAC
Intercept,0.4858248689608572,0.0,0.47309979486254816,0.4985499430591662,"(0.1, 1.47)",357166.0,avg_citations_Q+norm_cit_all_IAC
nb_auteur,0.05807100064467215,0.0,0.056332996544135865,0.05980900474520843,"(0.1, 1.47)",357166.0,avg_citations_Q+norm_cit_all_IAC
career_age,0.006626129914675967,1.906132438576518e-145,0.006120658189138944,0.007131601640212989,"(0.1, 1.47)",357166.0,avg_citations_Q+norm_cit_all_IAC
hispanic_M,-0.09492751843342881,1.6014185028783082e-06,-0.13370334119336955,-0.05615169567348808,"(0.1, 1.47)",357166.0,avg_citations_Q+norm_cit_all_IAC
black_M,-0.07343064935099189,0.004803295069106504,-0.12446759461666351,-0.022393704085320272,"(0.1, 1.47)",357166.0,avg_citations_Q+norm_cit_all_IAC
asian_M,0.12227135695752694,9.372243596491193e-51,0.10628004211580462,0.13826267179924928,"(0.1, 1.47)",357166.0,avg_citations_Q+norm_cit_all_IAC
white_F,-0.024098902507548647,0.0031205439086939707,-0.040079653156050624,-0.008118151859046668,"(0.1, 1.47)",357166.0,avg_citations_Q+norm_cit_all_IAC
hispanic_F,-0.05944819398203502,0.011638169123570973,-0.10563105711732677,-0.013265330846743265,"(0.1, 1.47)",357166.0,avg_citations_Q+norm_cit_all_IAC
black_F,-0.09642274053641223,0.0021021489667960845,-0.15787291778528753,-0.03497256328753693,"(0.1, 1.47)",357166.0,avg_citations_Q+norm_cit_all_IAC
asian_F,0.04482377734976518,2.0151010652361992e-05,0.024216749310539958,0.0654308053889904,"(0.1, 1.47)",357166.0,avg_citations_Q+norm_cit_all_IAC
Intercept,0.8421475740287556,0.0,0.8238681063128647,0.8604270417446466,"(1.48, 1.74)",316567.0,avg_citations_Q+norm_cit_all_IAC
nb_auteur,0.017710824468017798,3.64441603584562e-194,0.016543847137311638,0.018877801798723958,"(1.48, 1.74)",316567.0,avg_citations_Q+norm_cit_all_IAC
career_age,0.0098549473229003,1.0724151222920468e-129,0.00905815084913489,0.010651743796665709,"(1.48, 1.74)",316567.0,avg_citations_Q+norm_cit_all_IAC
hispanic_M,-0.10936555879659447,0.0008725459188836095,-0.1737606064837421,-0.04497051110944683,"(1.48, 1.74)",316567.0,avg_citations_Q+norm_cit_all_IAC
black_M,-0.09263386964512428,0.04062242004271193,-0.1813132905192863,-0.003954448770962252,"(1.48, 1.74)",316567.0,avg_citations_Q+norm_cit_all_IAC
asian_M,0.06614101600076684,2.884730187166323e-07,0.04087574686560738,0.0914062851359263,"(1.48, 1.74)",316567.0,avg_citations_Q+norm_cit_all_IAC
white_F,-0.06355171891950309,8.200609478173199e-07,-0.0888141193146414,-0.03828931852436479,"(1.48, 1.74)",316567.0,avg_citations_Q+norm_cit_all_IAC
hispanic_F,-0.0831378103140741,0.03341125579728941,-0.15974283452581695,-0.006532786102331253,"(1.48, 1.74)",316567.0,avg_citations_Q+norm_cit_all_IAC
black_F,-0.16795250983404944,0.0012404112390445288,-0.26988383205710287,-0.06602118761099601,"(1.48, 1.74)",316567.0,avg_citations_Q+norm_cit_all_IAC
asian_F,0.0030796526023297503,0.8498820241572167,-0.02881161164375745,0.03497091684841695,"(1.48, 1.74)",316567.0,avg_citations_Q+norm_cit_all_IAC
Intercept,1.1269384852803865,0.0,1.1171630684904164,1.1367139020703567,"(1.77, 4.07)",273783.0,avg_citations_Q+norm_FI_2
nb_auteur,0.011679655930357165,0.0,0.011167206273943854,0.012192105586770476,"(1.77, 4.07)",273783.0,avg_citations_Q+norm_FI_2
career_age,0.0018196055718946447,6.100355206341168e-16,0.0013786472338990215,0.002260563909890268,"(1.77, 4.07)",273783.0,avg_citations_Q+norm_FI_2
hispanic_M,-0.005690106757589064,0.7459453555799939,-0.04011225256752477,0.028732039052346645,"(1.77, 4.07)",273783.0,avg_citations_Q+norm_FI_2
black_M,-0.11180934698846465,8.94566309171048e-06,-0.1611516151018042,-0.06246707887512509,"(1.77, 4.07)",273783.0,avg_citations_Q+norm_FI_2
asian_M,0.06186638156102557,2.221777104735043e-18,0.048002237042204354,0.07573052607984679,"(1.77, 4.07)",273783.0,avg_citations_Q+norm_FI_2
white_F,-0.08038245833793536,5.3645160087983824e-30,-0.0942271344488691,-0.06653778222700163,"(1.77, 4.07)",273783.0,avg_citations_Q+norm_FI_2
hispanic_F,-0.1243354165761385,1.0848227458339547e-08,-0.1669610255579267,-0.08170980759435031,"(1.77, 4.07)",273783.0,avg_citations_Q+norm_FI_2
black_F,-0.17318326721319233,3.993355163065649e-09,-0.2308645059230419,-0.11550202850334276,"(1.77, 4.07)",273783.0,avg_citations_Q+norm_FI_2
asian_F,0.013984875189689092,0.11507251281276956,-0.0034094208852366997,0.03137917126461488,"(1.77, 4.07)",273783.0,avg_citations_Q+norm_FI_2
Intercept,0.7043884926829724,0.0,0.6987671271723599,0.710009858193585,"(0.1, 1.47)",357166.0,avg_citations_Q+norm_FI_2
nb_auteur,0.028282956850892483,0.0,0.027515184794511604,0.029050728907273362,"(0.1, 1.47)",357166.0,avg_citations_Q+norm_FI_2
career_age,0.00222697151247181,4.823538466128853e-85,0.0020036768343762853,0.002450266190567335,"(0.1, 1.47)",357166.0,avg_citations_Q+norm_FI_2
hispanic_M,-0.029649985936240512,0.0006924239427138804,-0.04677940074548866,-0.012520571126992362,"(0.1, 1.47)",357166.0,avg_citations_Q+norm_FI_2
black_M,-0.036175641533768954,0.001661868934426291,-0.05872146890318204,-0.013629814164355863,"(0.1, 1.47)",357166.0,avg_citations_Q+norm_FI_2
asian_M,0.06366474537458765,8.54196011884243e-70,0.056600501581103614,0.07072898916807167,"(0.1, 1.47)",357166.0,avg_citations_Q+norm_FI_2
white_F,-0.005393956586874475,0.1342537806782803,-0.012453533594848458,0.0016656204210995064,"(0.1, 1.47)",357166.0,avg_citations_Q+norm_FI_2
hispanic_F,-0.02729987867762327,0.008724082730883381,-0.04770139084206448,-0.006898366513182062,"(0.1, 1.47)",357166.0,avg_citations_Q+norm_FI_2
black_F,-0.07048356655299468,3.601309586214851e-07,-0.09762949154637107,-0.04333764155961828,"(0.1, 1.47)",357166.0,avg_citations_Q+norm_FI_2
asian_F,0.048528685846437825,1.5023418081687813e-25,0.03942542752346122,0.05763194416941443,"(0.1, 1.47)",357166.0,avg_citations_Q+norm_FI_2
Intercept,0.9342936123355071,0.0,0.9274088811405073,0.9411783435305069,"(1.48, 1.74)",316567.0,avg_citations_Q+norm_FI_2
nb_auteur,0.0074209243629894915,1.0010466150077793e-239,0.006981397055222986,0.007860451670755997,"(1.48, 1.74)",316567.0,avg_citations_Q+norm_FI_2
career_age,0.003081418629485525,5.106824641849301e-90,0.0027813152772292868,0.0033815219817417636,"(1.48, 1.74)",316567.0,avg_citations_Q+norm_FI_2
hispanic_M,-0.04824745300915995,9.66285993143027e-05,-0.07250103634680785,-0.023993869671512052,"(1.48, 1.74)",316567.0,avg_citations_Q+norm_FI_2
black_M,-0.027373301897567273,0.10820576853568466,-0.06077328841446693,0.006026684619332381,"(1.48, 1.74)",316567.0,avg_citations_Q+norm_FI_2
asian_M,0.04404394021217768,1.1782092799625332e-19,0.03452809493328686,0.053559785491068504,"(1.48, 1.74)",316567.0,avg_citations_Q+norm_FI_2
white_F,-0.023200402181369595,1.7614990772878452e-06,-0.0327151669854774,-0.013685637377261792,"(1.48, 1.74)",316567.0,avg_citations_Q+norm_FI_2
hispanic_F,-0.04603811598185428,0.0017636210460464461,-0.07489043313252333,-0.01718579883118524,"(1.48, 1.74)",316567.0,avg_citations_Q+norm_FI_2
black_F,-0.08508125769280964,1.4019272276668189e-05,-0.12347240587961167,-0.04669010950600761,"(1.48, 1.74)",316567.0,avg_citations_Q+norm_FI_2
asian_F,0.03229299544027812,1.369439752377726e-07,0.020281552589995047,0.04430443829056119,"(1.48, 1.74)",316567.0,avg_citations_Q+norm_FI_2
Intercept,1.1003879973404254,0.0,1.0641715307629511,1.1366044639178996,"(1.91, 2.15)",86097.0,avg_citations_Q10+norm_cit_all_IAC
nb_auteur,0.016602734775000214,5.6916817862515265e-130,0.015263465645941643,0.017942003904058788,"(1.91, 2.15)",86097.0,avg_citations_Q10+norm_cit_all_IAC
career_age,0.008695839761523484,1.817133192627412e-25,0.007062182464654804,0.010329497058392163,"(1.91, 2.15)",86097.0,avg_citations_Q10+norm_cit_all_IAC
hispanic_M,-0.07763021299030086,0.22176168215620135,-0.20215661052581496,0.04689618454521324,"(1.91, 2.15)",86097.0,avg_citations_Q10+norm_cit_all_IAC
black_M,-0.19116455854550904,0.044170943546602504,-0.37734192046543946,-0.004987196625578616,"(1.91, 2.15)",86097.0,avg_citations_Q10+norm_cit_all_IAC
asian_M,0.03826789891893488,0.15035611479561592,-0.013880753540357518,0.09041655137822728,"(1.91, 2.15)",86097.0,avg_citations_Q10+norm_cit_all_IAC
white_F,-0.12474385348862935,1.7757067191855025e-06,-0.1759180602825335,-0.07356964669472518,"(1.91, 2.15)",86097.0,avg_citations_Q10+norm_cit_all_IAC
hispanic_F,-0.32628593536497746,2.9886940323181097e-05,-0.4794803526876783,-0.1730915180422766,"(1.91, 2.15)",86097.0,avg_citations_Q10+norm_cit_all_IAC
black_F,-0.29761378277731315,0.006457427375272751,-0.5117809917558758,-0.08344657379875053,"(1.91, 2.15)",86097.0,avg_citations_Q10+norm_cit_all_IAC
asian_F,0.038005620121150455,0.25285985912651243,-0.027140612342737347,0.10315185258503826,"(1.91, 2.15)",86097.0,avg_citations_Q10+norm_cit_all_IAC
Intercept,0.8724428001102691,0.0,0.8326028908920865,0.9122827093284517,"(1.82, 1.91)",76146.0,avg_citations_Q10+norm_cit_all_IAC
nb_auteur,0.053959417479238055,0.0,0.051655333706822536,0.05626350125165357,"(1.82, 1.91)",76146.0,avg_citations_Q10+norm_cit_all_IAC
career_age,0.009564587977570867,3.944635815427436e-27,0.007827451591937606,0.011301724363204129,"(1.82, 1.91)",76146.0,avg_citations_Q10+norm_cit_all_IAC
hispanic_M,-0.11621695730052686,0.11040999164432236,-0.25890595557232365,0.0264720409712699,"(1.82, 1.91)",76146.0,avg_citations_Q10+norm_cit_all_IAC
black_M,0.002161969539920955,0.9824523879631589,-0.19049741236154913,0.19482135144139104,"(1.82, 1.91)",76146.0,avg_citations_Q10+norm_cit_all_IAC
asian_M,0.010082538817236876,0.7181443768772795,-0.0446679996484151,0.06483307728288885,"(1.82, 1.91)",76146.0,avg_citations_Q10+norm_cit_all_IAC
white_F,-0.08401750877322445,0.0020591053298958323,-0.13745394412889378,-0.030581073417555102,"(1.82, 1.91)",76146.0,avg_citations_Q10+norm_cit_all_IAC
hispanic_F,-0.24075952647766213,0.0045475173558488305,-0.4070613585335903,-0.07445769442173394,"(1.82, 1.91)",76146.0,avg_citations_Q10+norm_cit_all_IAC
black_F,-0.2536688847185471,0.01754907747125202,-0.46300762207832996,-0.04433014735876423,"(1.82, 1.91)",76146.0,avg_citations_Q10+norm_cit_all_IAC
asian_F,-0.1602170893189941,2.8229471937974837e-06,-0.22726407739501797,-0.09317010124297022,"(1.82, 1.91)",76146.0,avg_citations_Q10+norm_cit_all_IAC
Intercept,0.7030187294424873,0.0,0.6710225016183897,0.735014957266585,"(1.66, 1.81)",89933.0,avg_citations_Q10+norm_cit_all_IAC
nb_auteur,0.05915999521480513,9.408928751300692e-272,0.055879232902689056,0.06244075752692121,"(1.66, 1.81)",89933.0,avg_citations_Q10+norm_cit_all_IAC
career_age,0.010173362135475051,1.9700084621406343e-51,0.008852560900753457,0.011494163370196646,"(1.66, 1.81)",89933.0,avg_citations_Q10+norm_cit_all_IAC
hispanic_M,-0.026375496220068698,0.6428028934857091,-0.13784032437730592,0.08508933193716854,"(1.66, 1.81)",89933.0,avg_citations_Q10+norm_cit_all_IAC
black_M,-0.07525825782662217,0.30976974783485417,-0.22048210227483495,0.06996558662159062,"(1.66, 1.81)",89933.0,avg_citations_Q10+norm_cit_all_IAC
asian_M,0.059616965906506,0.006074809734962411,0.017030227641410642,0.10220370417160136,"(1.66, 1.81)",89933.0,avg_citations_Q10+norm_cit_all_IAC
white_F,-0.07970410936973507,0.00013330007127225363,-0.12059443660459895,-0.03881378213487119,"(1.66, 1.81)",89933.0,avg_citations_Q10+norm_cit_all_IAC
hispanic_F,-0.04450662355147636,0.5113374988057482,-0.17732937641384394,0.08831612931089122,"(1.66, 1.81)",89933.0,avg_citations_Q10+norm_cit_all_IAC
black_F,-0.26296446075963514,0.0015220931862102837,-0.42552621908014543,-0.10040270243912489,"(1.66, 1.81)",89933.0,avg_citations_Q10+norm_cit_all_IAC
asian_F,0.02161549003461045,0.43692191196435914,-0.03288139709220664,0.07611237716142755,"(1.66, 1.81)",89933.0,avg_citations_Q10+norm_cit_all_IAC
Intercept,0.5394746288898078,0.0,0.5132778051386624,0.5656714526409532,"(1.34, 1.43)",102170.0,avg_citations_Q10+norm_cit_all_IAC
nb_auteur,0.06053372720178454,1.474788335843181e-263,0.057122846108655416,0.06394460829491366,"(1.34, 1.43)",102170.0,avg_citations_Q10+norm_cit_all_IAC
career_age,0.008450174773054365,3.6324694515656995e-58,0.007420718611325979,0.00947963093478275,"(1.34, 1.43)",102170.0,avg_citations_Q10+norm_cit_all_IAC
hispanic_M,-0.11202419348916715,0.007081378645637696,-0.1935548784171612,-0.030493508561173083,"(1.34, 1.43)",102170.0,avg_citations_Q10+norm_cit_all_IAC
black_M,-0.1225495460921699,0.02531592268725481,-0.2299436449196396,-0.015155447264700209,"(1.34, 1.43)",102170.0,avg_citations_Q10+norm_cit_all_IAC
asian_M,0.08599102112466894,1.1004473495283574e-07,0.05424876885321054,0.11773327339612735,"(1.34, 1.43)",102170.0,avg_citations_Q10+norm_cit_all_IAC
white_F,-0.02936884210939342,0.08178089289183896,-0.062441983782026644,0.0037042995632398067,"(1.34, 1.43)",102170.0,avg_citations_Q10+norm_cit_all_IAC
hispanic_F,-0.05291611297936684,0.2805059043148954,-0.1490205740877583,0.04318834812902461,"(1.34, 1.43)",102170.0,avg_citations_Q10+norm_cit_all_IAC
black_F,-0.13700723697707745,0.04107997501527566,-0.26846371747305997,-0.005550756481094932,"(1.34, 1.43)",102170.0,avg_citations_Q10+norm_cit_all_IAC
asian_F,0.009347744970578891,0.6503908190861574,-0.031077288863856918,0.049772778805014704,"(1.34, 1.43)",102170.0,avg_citations_Q10+norm_cit_all_IAC
Intercept,0.7278341252022131,2.406122838845391e-284,0.6883847391311022,0.7672835112733241,"(1.59, 1.66)",92540.0,avg_citations_Q10+norm_cit_all_IAC
nb_auteur,0.060171532285082485,1.453930994169669e-191,0.05618626150223176,0.06415680306793321,"(1.59, 1.66)",92540.0,avg_citations_Q10+norm_cit_all_IAC
career_age,0.009257365868417532,4.0610325805553875e-30,0.007666674559368267,0.010848057177466798,"(1.59, 1.66)",92540.0,avg_citations_Q10+norm_cit_all_IAC
hispanic_M,-0.1459874759283522,0.0299002029047531,-0.27775878387928676,-0.014216167977417649,"(1.59, 1.66)",92540.0,avg_citations_Q10+norm_cit_all_IAC
black_M,-0.25802160179639627,0.00540419439579941,-0.4398067126060441,-0.07623649098674842,"(1.59, 1.66)",92540.0,avg_citations_Q10+norm_cit_all_IAC
asian_M,0.0976839882574626,0.00020059717967942268,0.046194375490938654,0.14917360102398655,"(1.59, 1.66)",92540.0,avg_citations_Q10+norm_cit_all_IAC
white_F,-0.0958242389250267,0.0002024809790287342,-0.1463656843037685,-0.0452827935462849,"(1.59, 1.66)",92540.0,avg_citations_Q10+norm_cit_all_IAC
hispanic_F,-0.18258152506938435,0.019981600833116748,-0.3363842248471949,-0.02877882529157383,"(1.59, 1.66)",92540.0,avg_citations_Q10+norm_cit_all_IAC
black_F,-0.22337413852547863,0.02677031683726714,-0.4210416455337801,-0.025706631517177198,"(1.59, 1.66)",92540.0,avg_citations_Q10+norm_cit_all_IAC
asian_F,-0.02488973160198412,0.4455813471117198,-0.08884262111887564,0.03906315791490741,"(1.59, 1.66)",92540.0,avg_citations_Q10+norm_cit_all_IAC
Intercept,0.4355189901851346,0.0,0.4167999383604574,0.4542380420098118,"(0.1, 1.24)",120995.0,avg_citations_Q10+norm_cit_all_IAC
nb_auteur,0.04909281397349882,5.841914347043523e-245,0.04622079022126903,0.051964837725728616,"(0.1, 1.24)",120995.0,avg_citations_Q10+norm_cit_all_IAC
career_age,0.004502469095117388,2.693536294721898e-31,0.00374430246157743,0.005260635728657346,"(0.1, 1.24)",120995.0,avg_citations_Q10+norm_cit_all_IAC
hispanic_M,-0.09109221384963698,0.0019865596739749953,-0.14882889523856316,-0.033355532460710796,"(0.1, 1.24)",120995.0,avg_citations_Q10+norm_cit_all_IAC
black_M,-0.09179717153752581,0.013186611942856809,-0.16438323327702214,-0.019211109798029466,"(0.1, 1.24)",120995.0,avg_citations_Q10+norm_cit_all_IAC
asian_M,0.1666157349659559,3.8829036416921355e-40,0.14199932253943348,0.1912321473924783,"(0.1, 1.24)",120995.0,avg_citations_Q10+norm_cit_all_IAC
white_F,-0.02826132447110398,0.01674894563396174,-0.05141640684184362,-0.005106242100364335,"(0.1, 1.24)",120995.0,avg_citations_Q10+norm_cit_all_IAC
hispanic_F,-0.06166729241752186,0.07738553570493802,-0.13010537017367274,0.006770785338629015,"(0.1, 1.24)",120995.0,avg_citations_Q10+norm_cit_all_IAC
black_F,-0.07368101968788944,0.09962231312388922,-0.1613798027947412,0.014017763418962326,"(0.1, 1.24)",120995.0,avg_citations_Q10+norm_cit_all_IAC
asian_F,0.08843129164805519,4.816082865282188e-08,0.0566772063155104,0.12018537698059997,"(0.1, 1.24)",120995.0,avg_citations_Q10+norm_cit_all_IAC
Intercept,1.0136059473912769,0.0,0.9670174228737064,1.0601944719088472,"(2.17, 4.07)",92114.0,avg_citations_Q10+norm_cit_all_IAC
nb_auteur,0.08427566421127558,0.0,0.08040406184217581,0.08814726658037535,"(2.17, 4.07)",92114.0,avg_citations_Q10+norm_cit_all_IAC
career_age,0.011604190333400006,4.977808660524968e-27,0.009492289706104915,0.013716090960695097,"(2.17, 4.07)",92114.0,avg_citations_Q10+norm_cit_all_IAC
hispanic_M,-0.06436812631888604,0.4253276367502312,-0.22261992201158143,0.09388366937380936,"(2.17, 4.07)",92114.0,avg_citations_Q10+norm_cit_all_IAC
black_M,0.05203979292354036,0.6561620853148282,-0.17705491094610878,0.28113449679318947,"(2.17, 4.07)",92114.0,avg_citations_Q10+norm_cit_all_IAC
asian_M,0.1748060007349725,6.903253456773305e-08,0.11128896778203377,0.2383230336879112,"(2.17, 4.07)",92114.0,avg_citations_Q10+norm_cit_all_IAC
white_F,-0.1829542423306961,1.6623685153216597e-07,-0.2514655090041306,-0.11444297565726157,"(2.17, 4.07)",92114.0,avg_citations_Q10+norm_cit_all_IAC
hispanic_F,-0.3718709825607853,0.0005875580364368693,-0.5839092935020498,-0.15983267161952092,"(2.17, 4.07)",92114.0,avg_citations_Q10+norm_cit_all_IAC
black_F,-0.13953593928074873,0.36989649881358266,-0.44454057614545994,0.16546869758396252,"(2.17, 4.07)",92114.0,avg_citations_Q10+norm_cit_all_IAC
asian_F,-0.037619092508136845,0.36697197643617574,-0.11934815079771417,0.04410996578144048,"(2.17, 4.07)",92114.0,avg_citations_Q10+norm_cit_all_IAC
Intercept,0.5852505362414131,2.014083174562992e-159,0.5427083819724858,0.6277926905103404,"(1.43, 1.54)",80966.0,avg_citations_Q10+norm_cit_all_IAC
nb_auteur,0.05785737451003551,2.1650242058788272e-106,0.052688937808612064,0.06302581121145895,"(1.43, 1.54)",80966.0,avg_citations_Q10+norm_cit_all_IAC
career_age,0.0105533186954039,1.9802183476292515e-35,0.008888999809430554,0.012217637581377247,"(1.43, 1.54)",80966.0,avg_citations_Q10+norm_cit_all_IAC
hispanic_M,-0.11970366536482513,0.06035826329874411,-0.244620696618152,0.005213365888501728,"(1.43, 1.54)",80966.0,avg_citations_Q10+norm_cit_all_IAC
black_M,-0.11899280381160943,0.20749491661625133,-0.3040195743449847,0.06603396672176587,"(1.43, 1.54)",80966.0,avg_citations_Q10+norm_cit_all_IAC
asian_M,0.0762346571562618,0.006145017282145844,0.021702286269296135,0.13076702804322748,"(1.43, 1.54)",80966.0,avg_citations_Q10+norm_cit_all_IAC
white_F,-0.04608500773858731,0.08738628354617362,-0.09892687968127414,0.00675686420409953,"(1.43, 1.54)",80966.0,avg_citations_Q10+norm_cit_all_IAC
hispanic_F,-0.10706676729306756,0.15467840191702947,-0.2545149788538927,0.04038144426775757,"(1.43, 1.54)",80966.0,avg_citations_Q10+norm_cit_all_IAC
black_F,-0.07551907632940545,0.4752503129985006,-0.28283553084388796,0.13179737818507703,"(1.43, 1.54)",80966.0,avg_citations_Q10+norm_cit_all_IAC
asian_F,0.01523743116012254,0.6714401134261347,-0.05517063042973118,0.08564549274997625,"(1.43, 1.54)",80966.0,avg_citations_Q10+norm_cit_all_IAC
Intercept,0.8717936736403276,0.0,0.845701943270002,0.8978854040106531,"(1.54, 1.59)",103223.0,avg_citations_Q10+norm_cit_all_IAC
nb_auteur,0.006359621127075667,5.41345128279964e-30,0.0052644028797544495,0.007454839374396885,"(1.54, 1.59)",103223.0,avg_citations_Q10+norm_cit_all_IAC
career_age,0.009875815738560008,1.1367355174078026e-60,0.008698584130950841,0.011053047346169175,"(1.54, 1.59)",103223.0,avg_citations_Q10+norm_cit_all_IAC
hispanic_M,-0.10963745373338456,0.021749110392165583,-0.20328051799042168,-0.015994389476347418,"(1.54, 1.59)",103223.0,avg_citations_Q10+norm_cit_all_IAC
black_M,0.0034865547864809873,0.9580507190073653,-0.1264298328054226,0.1334029423783846,"(1.54, 1.59)",103223.0,avg_citations_Q10+norm_cit_all_IAC
asian_M,0.003382716204377063,0.8560496734807883,-0.033165681642244864,0.03993111405099899,"(1.54, 1.59)",103223.0,avg_citations_Q10+norm_cit_all_IAC
white_F,-0.06454522528128812,0.00079949170035682,-0.1022741708869868,-0.02681627967558943,"(1.54, 1.59)",103223.0,avg_citations_Q10+norm_cit_all_IAC
hispanic_F,-0.06468963875530254,0.25343788899742115,-0.1757105081670769,0.04633123065647181,"(1.54, 1.59)",103223.0,avg_citations_Q10+norm_cit_all_IAC
black_F,-0.18064334566518547,0.02527020397200285,-0.3388974233246673,-0.02238926800570365,"(1.54, 1.59)",103223.0,avg_citations_Q10+norm_cit_all_IAC
asian_F,-0.02595370876575834,0.2656015061556052,-0.07164757901812432,0.019740161486607646,"(1.54, 1.59)",103223.0,avg_citations_Q10+norm_cit_all_IAC
Intercept,0.5190163151081384,0.0,0.4933517367583669,0.5446808934579099,"(1.24, 1.34)",103332.0,avg_citations_Q10+norm_cit_all_IAC
nb_auteur,0.056197982722706125,2.1138092405172847e-215,0.05269009122778445,0.0597058742176278,"(1.24, 1.34)",103332.0,avg_citations_Q10+norm_cit_all_IAC
career_age,0.006419113967127581,1.7175033935148193e-36,0.00542226650507544,0.007415961429179722,"(1.24, 1.34)",103332.0,avg_citations_Q10+norm_cit_all_IAC
hispanic_M,-0.0767158062123396,0.048124344610614156,-0.15279867312381992,-0.000632939300859281,"(1.24, 1.34)",103332.0,avg_citations_Q10+norm_cit_all_IAC
black_M,0.023347441941777188,0.6545297534167964,-0.07891572624417106,0.12561061012772543,"(1.24, 1.34)",103332.0,avg_citations_Q10+norm_cit_all_IAC
asian_M,0.10576138860496265,3.153360013987801e-11,0.07454263635211195,0.13698014085781335,"(1.24, 1.34)",103332.0,avg_citations_Q10+norm_cit_all_IAC
white_F,-0.005297085372160396,0.749297869980691,-0.037785562523984115,0.02719139177966332,"(1.24, 1.34)",103332.0,avg_citations_Q10+norm_cit_all_IAC
hispanic_F,-0.037275269691937195,0.43361512266496427,-0.13057903957927244,0.05602850019539806,"(1.24, 1.34)",103332.0,avg_citations_Q10+norm_cit_all_IAC
black_F,-0.07923864114166446,0.2113763455737308,-0.20350412983046223,0.045026847547133333,"(1.24, 1.34)",103332.0,avg_citations_Q10+norm_cit_all_IAC
asian_F,0.009735501472911023,0.6381018862460301,-0.030832636469044113,0.05030363941486616,"(1.24, 1.34)",103332.0,avg_citations_Q10+norm_cit_all_IAC
Intercept,1.1342000820117155,0.0,1.117542754381007,1.150857409642424,"(1.91, 2.15)",86097.0,avg_citations_Q10+norm_FI_2
nb_auteur,0.0058976224454888445,2.0689005049360054e-78,0.005281641739013804,0.006513603151963885,"(1.91, 2.15)",86097.0,avg_citations_Q10+norm_FI_2
career_age,0.0014231787666872764,0.00020544167712861522,0.0006717977678803796,0.002174559765494173,"(1.91, 2.15)",86097.0,avg_citations_Q10+norm_FI_2
hispanic_M,0.01573392015883702,0.590280573166748,-0.04154049665881738,0.07300833697649142,"(1.91, 2.15)",86097.0,avg_citations_Q10+norm_FI_2
black_M,-0.05921451786431091,0.17530484641845856,-0.14484455325959583,0.026415517530974014,"(1.91, 2.15)",86097.0,avg_citations_Q10+norm_FI_2
asian_M,0.06707070700178655,4.24566940397076e-08,0.043085562353394224,0.09105585165017888,"(1.91, 2.15)",86097.0,avg_citations_Q10+norm_FI_2
white_F,-0.07498365347676236,4.282058369075833e-10,-0.09852061357705769,-0.05144669337646704,"(1.91, 2.15)",86097.0,avg_citations_Q10+norm_FI_2
hispanic_F,-0.10719309714556705,0.0028663727695606377,-0.17765302440216135,-0.03673316988897275,"(1.91, 2.15)",86097.0,avg_citations_Q10+norm_FI_2
black_F,-0.14180799149502024,0.004778868069304688,-0.24031161995029315,-0.04330436303974733,"(1.91, 2.15)",86097.0,avg_citations_Q10+norm_FI_2
asian_F,0.038634905433552504,0.01149825496176706,0.00867168039789368,0.06859813046921133,"(1.91, 2.15)",86097.0,avg_citations_Q10+norm_FI_2
Intercept,1.0391653447584877,0.0,1.0216195459508364,1.056711143566139,"(1.82, 1.91)",76146.0,avg_citations_Q10+norm_FI_2
nb_auteur,0.013458024423829772,2.540992052375331e-148,0.01244328841915218,0.014472760428507364,"(1.82, 1.91)",76146.0,avg_citations_Q10+norm_FI_2
career_age,0.0033311725921193556,1.4366047872604e-17,0.00256612452544703,0.004096220658791681,"(1.82, 1.91)",76146.0,avg_citations_Q10+norm_FI_2
hispanic_M,-0.013327575233398153,0.6776441486065707,-0.0761688945253511,0.049513744058554784,"(1.82, 1.91)",76146.0,avg_citations_Q10+norm_FI_2
black_M,-0.11927616356931417,0.005865819243570916,-0.2041248195925276,-0.03442750754610073,"(1.82, 1.91)",76146.0,avg_citations_Q10+norm_FI_2
asian_M,0.04087884630144409,0.0008914554393685158,0.016766293050683487,0.06499139955220469,"(1.82, 1.91)",76146.0,avg_citations_Q10+norm_FI_2
white_F,-0.05512396736849431,4.419233617007575e-06,-0.07865777962228143,-0.03159015511470718,"(1.82, 1.91)",76146.0,avg_citations_Q10+norm_FI_2
hispanic_F,-0.05964099106884879,0.11048053740147958,-0.13288158181962806,0.013599599681930474,"(1.82, 1.91)",76146.0,avg_citations_Q10+norm_FI_2
black_F,-0.21978834372976647,2.97970844230066e-06,-0.31198271466187055,-0.12759397279766235,"(1.82, 1.91)",76146.0,avg_citations_Q10+norm_FI_2
asian_F,-0.01732248411323962,0.2502202856678937,-0.04685048722686134,0.012205519000382095,"(1.82, 1.91)",76146.0,avg_citations_Q10+norm_FI_2
Intercept,0.8938593461600579,0.0,0.8792531073585865,0.9084655849615293,"(1.66, 1.81)",89933.0,avg_citations_Q10+norm_FI_2
nb_auteur,0.023099302583357885,9.635999244361367e-200,0.02160163860730803,0.02459696655940774,"(1.66, 1.81)",89933.0,avg_citations_Q10+norm_FI_2
career_age,0.004311577637507887,1.3935057262882436e-44,0.0037086334920391996,0.004914521782976575,"(1.66, 1.81)",89933.0,avg_citations_Q10+norm_FI_2
hispanic_M,0.011424022846612692,0.6599067165937423,-0.03945953464585569,0.06230758033908107,"(1.66, 1.81)",89933.0,avg_citations_Q10+norm_FI_2
black_M,-0.012939856665977524,0.7020428235092745,-0.07923436373536406,0.05335465040340902,"(1.66, 1.81)",89933.0,avg_citations_Q10+norm_FI_2
asian_M,0.054454247673005926,4.0303501342129595e-08,0.035013453830199597,0.07389504151581225,"(1.66, 1.81)",89933.0,avg_citations_Q10+norm_FI_2
white_F,-0.03856401466117844,5.1422208253033785e-05,-0.05723039894704475,-0.01989763037531213,"(1.66, 1.81)",89933.0,avg_citations_Q10+norm_FI_2
hispanic_F,-0.045518718783671946,0.14118544627482976,-0.10615214273733711,0.015114705169993213,"(1.66, 1.81)",89933.0,avg_citations_Q10+norm_FI_2
black_F,-0.10408341348894005,0.005978617429324795,-0.17829265699945782,-0.029874169978422294,"(1.66, 1.81)",89933.0,avg_citations_Q10+norm_FI_2
asian_F,0.022639794495554796,0.07448027647348211,-0.0022379677108897954,0.04751755670199939,"(1.66, 1.81)",89933.0,avg_citations_Q10+norm_FI_2
Intercept,0.7526746354963227,0.0,0.7413830693052215,0.763966201687424,"(1.34, 1.43)",102170.0,avg_citations_Q10+norm_FI_2
nb_auteur,0.025761469203438858,5.094431708642957e-257,0.024291283733669476,0.02723165467320824,"(1.34, 1.43)",102170.0,avg_citations_Q10+norm_FI_2
career_age,0.002990318399451851,8.436749432076021e-40,0.0025465939043979465,0.0034340428945057555,"(1.34, 1.43)",102170.0,avg_citations_Q10+norm_FI_2
hispanic_M,-0.01860994130007968,0.299301165679516,-0.05375195447753661,0.01653207187737725,"(1.34, 1.43)",102170.0,avg_citations_Q10+norm_FI_2
black_M,-0.05319346493698181,0.024305658155663833,-0.09948333530308012,-0.006903594570883485,"(1.34, 1.43)",102170.0,avg_citations_Q10+norm_FI_2
asian_M,0.057630583662038715,1.5257064630147077e-16,0.04394878215882647,0.07131238516525096,"(1.34, 1.43)",102170.0,avg_citations_Q10+norm_FI_2
white_F,-0.011505407391867542,0.11367947712814956,-0.02576085957537433,0.002750044791639244,"(1.34, 1.43)",102170.0,avg_citations_Q10+norm_FI_2
hispanic_F,-0.01102200098069396,0.6020110434292951,-0.052445720671829184,0.030401718710441263,"(1.34, 1.43)",102170.0,avg_citations_Q10+norm_FI_2
black_F,-0.1003638450809973,0.0005173753875211401,-0.15702527720231318,-0.043702412959681414,"(1.34, 1.43)",102170.0,avg_citations_Q10+norm_FI_2
asian_F,0.03276571117062231,0.00022821619121730683,0.01534138715122348,0.050190035190021146,"(1.34, 1.43)",102170.0,avg_citations_Q10+norm_FI_2
Intercept,0.8777459032751278,0.0,0.8639591764859742,0.8915326300642814,"(1.59, 1.66)",92540.0,avg_citations_Q10+norm_FI_2
nb_auteur,0.02592485601518022,2.3745438891802486e-289,0.024532088093141627,0.027317623937218816,"(1.59, 1.66)",92540.0,avg_citations_Q10+norm_FI_2
career_age,0.002485190581534333,1.9485566444747174e-18,0.0019292775834407277,0.003041103579627938,"(1.59, 1.66)",92540.0,avg_citations_Q10+norm_FI_2
hispanic_M,-0.06168025957649843,0.008661879190918058,-0.10773154711983848,-0.015628972033158363,"(1.59, 1.66)",92540.0,avg_citations_Q10+norm_FI_2
black_M,-0.09003301530148947,0.005476585764888008,-0.15356307005445707,-0.026502960548521845,"(1.59, 1.66)",92540.0,avg_citations_Q10+norm_FI_2
asian_M,0.07268386335535787,2.46327071239232e-15,0.05468933176970086,0.09067839494101487,"(1.59, 1.66)",92540.0,avg_citations_Q10+norm_FI_2
white_F,-0.03054385964620141,0.000701023307779815,-0.04820702676646029,-0.012880692525942532,"(1.59, 1.66)",92540.0,avg_citations_Q10+norm_FI_2
hispanic_F,-0.06606182867570098,0.016002449399977598,-0.1198126220961265,-0.012311035255275465,"(1.59, 1.66)",92540.0,avg_citations_Q10+norm_FI_2
black_F,-0.10439561651485947,0.0030576080854346132,-0.1734762331131553,-0.03531499991656366,"(1.59, 1.66)",92540.0,avg_citations_Q10+norm_FI_2
asian_F,0.03385400819259888,0.0029902950287442006,0.011503824756107131,0.05620419162909063,"(1.59, 1.66)",92540.0,avg_citations_Q10+norm_FI_2
Intercept,0.6562918057895359,0.0,0.6477820137188336,0.6648015978602383,"(0.1, 1.24)",120995.0,avg_citations_Q10+norm_FI_2
nb_auteur,0.024610866337593882,4.015929647020601e-297,0.02330522729227779,0.025916505382909974,"(0.1, 1.24)",120995.0,avg_citations_Q10+norm_FI_2
career_age,0.0014609905644933582,9.826206215486456e-17,0.0011163235126150136,0.0018056576163717028,"(0.1, 1.24)",120995.0,avg_citations_Q10+norm_FI_2
hispanic_M,-0.020069812732896482,0.13395934414605098,-0.04631725080155119,0.006177625335758229,"(0.1, 1.24)",120995.0,avg_citations_Q10+norm_FI_2
black_M,-0.027786753357595458,0.09885388921955168,-0.06078480787550532,0.005211301160314402,"(0.1, 1.24)",120995.0,avg_citations_Q10+norm_FI_2
asian_M,0.07521907595524524,1.3174421150002442e-39,0.06402830874981431,0.08640984316067617,"(0.1, 1.24)",120995.0,avg_citations_Q10+norm_FI_2
white_F,-0.002384665352147778,0.657031939413797,-0.012911103240161814,0.008141772535866256,"(0.1, 1.24)",120995.0,avg_citations_Q10+norm_FI_2
hispanic_F,-0.04616840180178724,0.003632697454597745,-0.07728075817956268,-0.015056045424011805,"(0.1, 1.24)",120995.0,avg_citations_Q10+norm_FI_2
black_F,-0.057677389363951295,0.004576187380217209,-0.09754577672046758,-0.01780900200743501,"(0.1, 1.24)",120995.0,avg_citations_Q10+norm_FI_2
asian_F,0.06700004792425608,9.431350005641772e-20,0.05256445224846091,0.08143564360005125,"(0.1, 1.24)",120995.0,avg_citations_Q10+norm_FI_2
Intercept,1.1130003432814988,0.0,1.093868127728795,1.1321325588342026,"(2.17, 4.07)",92114.0,avg_citations_Q10+norm_FI_2
nb_auteur,0.035569247811961066,0.0,0.033979321283336195,0.03715917434058594,"(2.17, 4.07)",92114.0,avg_citations_Q10+norm_FI_2
career_age,0.0015885474702572095,0.0003308522011296333,0.000721266558365233,0.002455828382149186,"(2.17, 4.07)",92114.0,avg_citations_Q10+norm_FI_2
hispanic_M,-0.026280255566305796,0.4280189502190723,-0.09126852248712723,0.03870801135451564,"(2.17, 4.07)",92114.0,avg_citations_Q10+norm_FI_2
black_M,-0.1475808622554089,0.0021087741841894995,-0.24166173950585595,-0.053499985004961836,"(2.17, 4.07)",92114.0,avg_citations_Q10+norm_FI_2
asian_M,0.06771340637306276,3.624598266785894e-07,0.04162926702098888,0.09379754572513666,"(2.17, 4.07)",92114.0,avg_citations_Q10+norm_FI_2
white_F,-0.07879344346251785,4.052101273301158e-08,-0.10692853328041024,-0.05065835364462546,"(2.17, 4.07)",92114.0,avg_citations_Q10+norm_FI_2
hispanic_F,-0.19207380328325363,1.53832530864704e-05,-0.2791502392160882,-0.10499736735041902,"(2.17, 4.07)",92114.0,avg_citations_Q10+norm_FI_2
black_F,-0.062229976423539196,0.3301685283620073,-0.18748430713042924,0.06302435428335085,"(2.17, 4.07)",92114.0,avg_citations_Q10+norm_FI_2
asian_F,0.01913963152225299,0.2636988101605909,-0.014423525420525326,0.052702788465031306,"(2.17, 4.07)",92114.0,avg_citations_Q10+norm_FI_2
Intercept,0.8104828390655517,0.0,0.7970556717186246,0.8239100064124789,"(1.43, 1.54)",80966.0,avg_citations_Q10+norm_FI_2
nb_auteur,0.028944285859182222,4.7646010383905775e-263,0.02731302233469492,0.030575549383669524,"(1.43, 1.54)",80966.0,avg_citations_Q10+norm_FI_2
career_age,0.0028354993463309336,3.8406317286956637e-26,0.0023102065259591686,0.0033607921667026986,"(1.43, 1.54)",80966.0,avg_citations_Q10+norm_FI_2
hispanic_M,-0.06924381218680066,0.0005770771311668952,-0.10867016263715468,-0.029817461736446636,"(1.43, 1.54)",80966.0,avg_citations_Q10+norm_FI_2
black_M,-0.06054818676319777,0.042141507188089206,-0.11894639095164233,-0.002149982574753205,"(1.43, 1.54)",80966.0,avg_citations_Q10+norm_FI_2
asian_M,0.0049493433398388334,0.5730174544785908,-0.012262179731967533,0.0221608664116452,"(1.43, 1.54)",80966.0,avg_citations_Q10+norm_FI_2
white_F,-0.0206177031104672,0.01539549909152729,-0.0372956704041353,-0.003939735816799097,"(1.43, 1.54)",80966.0,avg_citations_Q10+norm_FI_2
hispanic_F,-0.07177314284928053,0.0025051045714318716,-0.11831079111027545,-0.025235494588285612,"(1.43, 1.54)",80966.0,avg_citations_Q10+norm_FI_2
black_F,-0.09304533232608542,0.005319663360951512,-0.15847861318301565,-0.027612051469155185,"(1.43, 1.54)",80966.0,avg_citations_Q10+norm_FI_2
asian_F,0.006076862001194986,0.5919754981334986,-0.01614535127845141,0.028299075280841378,"(1.43, 1.54)",80966.0,avg_citations_Q10+norm_FI_2
Intercept,0.9402494413643854,0.0,0.9288974584837596,0.9516014242450112,"(1.54, 1.59)",103223.0,avg_citations_Q10+norm_FI_2
nb_auteur,0.002465210732935796,3.7682294425695815e-24,0.001988703478810576,0.002941717987061016,"(1.54, 1.59)",103223.0,avg_citations_Q10+norm_FI_2
career_age,0.0030653346469680307,9.364594460828238e-32,0.0025531450425825054,0.003577524251353556,"(1.54, 1.59)",103223.0,avg_citations_Q10+norm_FI_2
hispanic_M,-0.0494756053642407,0.017308552248697092,-0.09021780403206953,-0.008733406696411879,"(1.54, 1.59)",103223.0,avg_citations_Q10+norm_FI_2
black_M,0.016967896019899415,0.5562871885148537,-0.039556090198099844,0.07349188223789868,"(1.54, 1.59)",103223.0,avg_citations_Q10+norm_FI_2
asian_M,0.0192787443752011,0.01749074517423776,0.0033772774820348336,0.035180211268367366,"(1.54, 1.59)",103223.0,avg_citations_Q10+norm_FI_2
white_F,-0.018498913843556217,0.027190918509524674,-0.03491401313137739,-0.0020838145557350446,"(1.54, 1.59)",103223.0,avg_citations_Q10+norm_FI_2
hispanic_F,-0.020919234889065004,0.3959726523014412,-0.06922216424893668,0.02738369447080668,"(1.54, 1.59)",103223.0,avg_citations_Q10+norm_FI_2
black_F,-0.09577624276567254,0.006404301637402958,-0.16462938339228428,-0.026923102139060795,"(1.54, 1.59)",103223.0,avg_citations_Q10+norm_FI_2
asian_F,0.026195037429179023,0.009809239998323657,0.006314560914507661,0.046075513943850385,"(1.54, 1.59)",103223.0,avg_citations_Q10+norm_FI_2
Intercept,0.7223100304062671,0.0,0.7113836319476327,0.7332364288649015,"(1.24, 1.34)",103332.0,avg_citations_Q10+norm_FI_2
nb_auteur,0.028901433366461116,0.0,0.02740798898951463,0.0303948777434076,"(1.24, 1.34)",103332.0,avg_citations_Q10+norm_FI_2
career_age,0.001956141230798974,1.6820827970702134e-19,0.0015317449120900374,0.0023805375495079104,"(1.24, 1.34)",103332.0,avg_citations_Q10+norm_FI_2
hispanic_M,-0.048642456234138626,0.0032477465461524134,-0.08103385999774201,-0.016251052470535238,"(1.24, 1.34)",103332.0,avg_citations_Q10+norm_FI_2
black_M,-0.011717030147661685,0.5978592548844015,-0.055254395461592914,0.031820335166269545,"(1.24, 1.34)",103332.0,avg_citations_Q10+norm_FI_2
asian_M,0.05577339433063025,1.9786741504434921e-16,0.04248237034234512,0.06906441831891537,"(1.24, 1.34)",103332.0,avg_citations_Q10+norm_FI_2
white_F,-0.00392867495898374,0.577728541732017,-0.017760269689945884,0.009902919771978404,"(1.24, 1.34)",103332.0,avg_citations_Q10+norm_FI_2
hispanic_F,-0.013860078555356611,0.4940555853220483,-0.05358308329705862,0.025862926186345392,"(1.24, 1.34)",103332.0,avg_citations_Q10+norm_FI_2
black_F,-0.032944889049714605,0.22226751588758276,-0.08584948874997875,0.019959710650549536,"(1.24, 1.34)",103332.0,avg_citations_Q10+norm_FI_2
asian_F,0.0427945456078861,1.197191098946352e-06,0.025523128410315368,0.06006596280545683,"(1.24, 1.34)",103332.0,avg_citations_Q10+norm_FI_2
