white_M,hispanic_M,black_M,asian_M,white_F,hispanic_F,black_F,asian_F
0.12901351412628848,0.12797312214214318,0.12777800557248914,0.143030368438427,0.1135979945407022,0.1107619333512141,0.11427750208895945,0.13356755973977633
0.12343665174368165,0.12243426105736008,0.12398570766279268,0.11963825431225188,0.12823775444341265,0.1270067714474528,0.12873074164815088,0.1265298576848974
0.12081223272408424,0.1242614195132707,0.12237329985410109,0.13239434406830025,0.1212419671049872,0.12309674631287155,0.12177796487516779,0.13404202554721723
0.1256860090494116,0.12511363330449948,0.12569166589164724,0.12314031366416936,0.1251828024912971,0.12356189094510084,0.12517412798471264,0.12644955666916177
0.1256029467289333,0.12479689642207119,0.12567852876269303,0.12674442757607793,0.12359339952608435,0.12188362667976582,0.12323267717473432,0.12846749712964
0.12818216732092502,0.1265365178615608,0.1282083860270928,0.12313523292160398,0.12390948560765738,0.12154965559039857,0.12395699020072676,0.12452156447003465
0.12475478350154637,0.12384863095340956,0.12482232960636833,0.11907068811753276,0.12798058480283675,0.1263341568532944,0.12738525942347717,0.12580356674153464
0.1275345991521117,0.12706546718922226,0.12795983984303658,0.12461058285591038,0.1223681586993051,0.12222799781596835,0.12210066595234684,0.12613268849209872
0.1317224069889329,0.1323857708249242,0.13090909369643422,0.14457217898645142,0.1114021195399617,0.10957277108333457,0.11217059912130703,0.12726505975865404
0.12650236744448473,0.12652967251476568,0.12630867796101544,0.12460194451896715,0.12406988849678613,0.12336970793738962,0.12325811460457886,0.1253596265220123
0.1282726025330517,0.12821273206744804,0.1278197129172685,0.1254910822767392,0.122934826308341,0.12146924728551128,0.12130903220357221,0.1244907644080681
0.12575778729834744,0.12574670204639962,0.12591935194514658,0.12306610051934262,0.12490722984041135,0.12423575263725578,0.12452291556403151,0.125844160149065
0.1262506760796184,0.12659260144178378,0.12640643964865209,0.12229355105236768,0.12479198196650886,0.12432437216354063,0.12423346807194342,0.12510690957558515
0.12624213293087727,0.12575268608337345,0.1264607192940682,0.12471054267121935,0.12404409019664688,0.12254041105983436,0.12383549835910831,0.1264139194048721
0.1272921318369285,0.12642516475552576,0.12726675657089112,0.12383507051749072,0.12386084534569333,0.122789229688223,0.12339206825995432,0.12513873302529313
0.12575613259467366,0.1252091599414605,0.1260633269180281,0.12098022610641863,0.12643550662368422,0.1254053901065811,0.1257357657250828,0.12441449198407106
0.12510508036732426,0.12438064682747725,0.1265692722537523,0.11411059568858718,0.12900925124525492,0.12699332110816489,0.13001253610482244,0.12381929640461678
0.12995777940986294,0.12618601399968812,0.12931045308805403,0.11726614427326586,0.12555846826671113,0.12315309570968384,0.12509799937847332,0.12347004587426069
0.13067106695735958,0.13255545694255408,0.1290727667968948,0.13633426700013293,0.11625899105914765,0.1151188841511449,0.11579397625275957,0.1241945908400066
0.12726754856545977,0.12664189976274895,0.12678799151516582,0.12729292582906615,0.12245128866818467,0.12139940624761779,0.12198427874372936,0.12617466066802752
0.12074175573344315,0.1197917084889084,0.12160115114316147,0.11405595433449135,0.13339425517412984,0.1298019571317478,0.13395947094131166,0.12665374705280621
0.12427580803066228,0.12167427934490214,0.12589727292832834,0.10889427207297396,0.1316232053986951,0.1310132421498432,0.13195997051732378,0.12466194955727117
0.12362904272312444,0.1255734134291451,0.12388161908145204,0.133767559152426,0.11958021955677478,0.11977412311778671,0.11981015257578477,0.13398387036350626
0.12574267772026834,0.12528192578254946,0.12568262390232515,0.12476098094826661,0.12373358473233088,0.12371428663443726,0.12383557744981122,0.12724834283001113
0.12660597113806243,0.1266435969749501,0.1264723673218207,0.13129716695268367,0.12005485252004254,0.11910880357059513,0.11978499777478574,0.13003224374705954
0.12561189310350862,0.12530425066137776,0.1255228293886692,0.12372175741848725,0.12486810797480148,0.12472383123705394,0.12437031554914554,0.12587701466695617
0.1257328507403689,0.12489060186456274,0.1264325274582275,0.12032938541667093,0.1259194599558528,0.12556943834146536,0.12555596124411617,0.1255697749787355
0.12647326866694408,0.1273997374852553,0.12669628413207443,0.1252002663332854,0.1225001449079777,0.12286734480638163,0.12270875255547327,0.1261542011126082
0.12685985619476922,0.12686109962844258,0.1264050103677607,0.1273272203346672,0.12241120354584749,0.12130316331375858,0.12214610295052337,0.12668634366423084
0.12661135681053093,0.12484422268686844,0.12667773948818037,0.1297064854708923,0.12172225324891857,0.12037431831912708,0.12173968945770083,0.12832393451778148
0.12516336528851574,0.12507704619662086,0.12522431886103624,0.12186296898285812,0.12559180394331126,0.12518355862508088,0.1252908362047298,0.1266061018978472
0.1256055174164308,0.12563133047615208,0.12567989686831568,0.12258392699874929,0.12432529138004135,0.12504018601910627,0.12443875853153898,0.1266950923096656
0.12479996451463773,0.12434573403007235,0.12522027352857804,0.1204623825006661,0.12650280687217413,0.12605241156091898,0.12654766599547362,0.12606876099747905
0.12646522254680412,0.1254915507975097,0.1264295250881003,0.12152341648241913,0.12540957456645924,0.12368564360537784,0.1251378943412693,0.12585717257206036
0.12778543318826227,0.12798396083509028,0.12773793209754541,0.12522611549291393,0.12271377462410349,0.12218141094147372,0.12210430290512124,0.12426706991548964
0.1272017879118983,0.12762523166198347,0.12694685414776952,0.12520410028749518,0.12300161897391648,0.1230134829327903,0.12228249707700099,0.12472442700714573
0.12569717255709245,0.12605994131755435,0.12548309825850795,0.12113475065276368,0.12562557888795034,0.1257370839986987,0.12534675893034147,0.12491561539709106
0.12627462625517405,0.12656166507114908,0.1263138187956515,0.12087695712335277,0.12518908900581102,0.12528499075916014,0.12501194112265718,0.12448691186704426
0.1256211763266383,0.12634744120749816,0.125698689171604,0.12163840967368211,0.12505758049566915,0.1255800289851202,0.12495620700042484,0.12510046713936326
0.12645694037156288,0.126795199120527,0.12646661176056823,0.12251666471927686,0.12465227613122379,0.12426124926290692,0.12411893085067091,0.12473212778326344
0.1230818344752829,0.12251521170427424,0.12328535165085237,0.11668814653243537,0.130205741527841,0.1287136031079884,0.13017314902821492,0.1253369619731108
0.1261123788525106,0.1263656831608759,0.12636772036340538,0.12157987375232741,0.12523690706762802,0.12491521516305276,0.12467268969395047,0.12474953194624953
0.12640592649898266,0.12681151599672158,0.12664838986472682,0.12170737557526849,0.12451655789264716,0.12551997809434404,0.123737111656693,0.12465314442061622
0.13011207361916843,0.12600260743264335,0.12926829419139577,0.11975367622252873,0.1269352469565714,0.12003101910206598,0.12381972220085447,0.12407736027477184
0.12607953619576306,0.12576105831502313,0.12606565609459802,0.12324325662706775,0.12450341069874694,0.12347931581594167,0.12427086163469545,0.12659690461816403
0.12630838278399836,0.12592599979610822,0.12639739617284584,0.12143276707286652,0.12515953411977054,0.12446335628474985,0.12494938503378447,0.1253631787358762
0.12952476557388387,0.12881162839246912,0.12883823748074316,0.12518732066939714,0.12140281701281548,0.12087400976727793,0.12110447317465375,0.12425674792875954
0.12299030779234807,0.12526043277878923,0.1256155109823229,0.114901196872311,0.1314490925383961,0.12911550178805714,0.1289651037445935,0.12170285350318204
0.13011358082807087,0.12958773662235593,0.12882748389571486,0.1299243976925424,0.12042779767907548,0.11856633684448825,0.11923609091215819,0.12331657552559394
0.12711431314518395,0.12936658855860567,0.1266157659012259,0.1273968402714,0.12198412065233098,0.12199226982731076,0.12076215707445141,0.12476794456949147
0.12068377855339042,0.1203866266316321,0.12109037291145763,0.11505868309074135,0.13233372618041783,0.13055075030799201,0.13243309654883095,0.12746296577553762
0.12695647364726112,0.12639405520690375,0.1267842546634847,0.12236790117251312,0.12394193668023872,0.12398548874849094,0.12407195465198195,0.12549793522912572
0.12826935345207208,0.12672938936622052,0.1284042472692118,0.11941041664279893,0.12539063684069524,0.12320677049732605,0.12560021297410887,0.1229889729575665
0.11852905202133675,0.1178612383512553,0.11830650114505518,0.10784477434129958,0.13752254258715763,0.13612086282506175,0.13654037795542026,0.1272746507734135
0.12402005842668173,0.12419687609193127,0.12430107345946455,0.12020362254451081,0.12733246797407008,0.12738893309940558,0.12684444188286995,0.12571252652106604
0.12889363675955579,0.12806770978220616,0.12877877482881087,0.12734855505956066,0.12087025534974706,0.12018461688505068,0.12084183120075633,0.12501462013431258
0.12822674933430142,0.12700539733259278,0.12807890452560616,0.1237412086082723,0.1228774164062871,0.12255883262623832,0.12186708035607914,0.12564441081062283
0.12341880100667937,0.12407324747247961,0.12394782874670153,0.1188091501633313,0.12757737311634818,0.12805547183162264,0.12751096310411603,0.12660716455872129
0.12849901916798925,0.1270248023011657,0.12815450355713515,0.12843661558745256,0.12136822981926451,0.11933006683556645,0.1210407625560705,0.12614600017535585
0.12527690985418757,0.1253080586296727,0.12538774642704345,0.12394767394838997,0.12492024137737648,0.12405625693616734,0.12455249488239624,0.12655061794476619
0.1259672466308581,0.12572947776861235,0.12604455549289584,0.12239942656612243,0.12419796627245809,0.1253522132713077,0.12425034259749554,0.12605877140024996
0.12468998334847611,0.12437937649302545,0.12490417725037888,0.12176941473427554,0.12625373097863035,0.125410389710761,0.1261152669346779,0.12647766054977477
0.12790551535745878,0.12719523377591496,0.12707340742241205,0.1289234964110323,0.12100868787252286,0.12027480910275692,0.12069370806027604,0.12692514199762606
0.12467386971759792,0.12576772691580249,0.12455652519179963,0.12184233837089152,0.12636496919462067,0.12564330996498338,0.1250967189297214,0.12605454171458297
0.12634987234198114,0.12595934638668177,0.1262674327182146,0.1232799922130338,0.12442995808621744,0.12380269314211562,0.12410012397665922,0.12581058113509638
0.12515819139267786,0.12469085239199233,0.12523498855340745,0.12127632407338074,0.12588958129570646,0.1258426530965079,0.12566366744053592,0.12624374175579126
0.12594385287434653,0.1257975227895504,0.12622051552625815,0.12162616127247218,0.1255591231083226,0.12460368525803515,0.125200708008741,0.12504843116227396
0.1274684000157062,0.12760872208676247,0.12718510851034937,0.1246200300174585,0.12212683331565496,0.12341975097990951,0.12229467342004736,0.12527648165411154
0.13028261091379506,0.13031561442083628,0.12944339313366918,0.13568286851103312,0.1176594488394969,0.11578962285880043,0.11631776819724667,0.12450867312512227
0.12666342581107976,0.12632876492288472,0.12691782468834834,0.12525866208275227,0.12345967483584318,0.1226159664608116,0.12272843606156048,0.1260272451367197
0.12460335794102445,0.12405959050996407,0.12482621915438451,0.11876958615794217,0.12769246584218005,0.12679287227707176,0.12744730298369547,0.12580860513373754
0.12277716187580451,0.12184621570436566,0.12316594640256227,0.11609209085083698,0.13076653363780272,0.1282939857467933,0.1305093803567727,0.12654868542506198
0.12236389258368721,0.12225239487689683,0.12316812961158884,0.11678519743137952,0.13053028749052292,0.13017162785671504,0.13021692299394919,0.12451154715526053
0.12473534401491689,0.12413279285633635,0.12476694582850739,0.11997600130106026,0.12748714268639913,0.12580825683302801,0.12692641274635205,0.12616710373339984
0.12708864126204236,0.1280393905555046,0.12707767381844784,0.12045352637518288,0.12393225055824766,0.12599622376691888,0.12423241417721702,0.12317987948643863
0.12523984590182186,0.12539277865610365,0.12544427769246475,0.1215921376604573,0.1258794947291994,0.1251982830432408,0.12559668807903981,0.1256564942376724
0.126137837850682,0.1260198330213779,0.1259552989030661,0.12397215712121509,0.12432083446966104,0.1229197884296569,0.12430626609772866,0.12636798410661224
0.1256862531602158,0.12492345925869273,0.12555897216858453,0.1215827761748737,0.1258979765146093,0.12480220973008031,0.12560745746041865,0.1259408955325249
0.12885821956192745,0.12788505360415206,0.12937563728261636,0.12725256136597732,0.12037865088858048,0.12006267721985985,0.12040982672973773,0.12577737334714875
0.12750396942032,0.12533532887208754,0.12702140858774794,0.1250122455338481,0.12378077041645277,0.12126507069215393,0.1234885627144131,0.12659264376297646
0.12912806884512823,0.12920009303337598,0.12832954803175678,0.12366562256384747,0.12225629447587742,0.12229474020278819,0.1217302136066624,0.12339541924056356
0.12790136631621332,0.1270563539425021,0.12846416886910703,0.11988977677880651,0.1245358696891007,0.12329780839163486,0.12460564150518418,0.12424901450745139
0.12802575832388102,0.12740589727639068,0.12793307127184977,0.12201234672935951,0.1242058306422423,0.12295708119410705,0.12377472979734916,0.12368528476482055
0.12510986890698295,0.12569595727351474,0.12655269523625753,0.1184057897154605,0.12559329316984436,0.12874305903765948,0.12536750367961835,0.12453183298066206
0.1257023366704026,0.12602757239027154,0.12560570946456012,0.12317729711825219,0.12527313572891632,0.12396610063049573,0.12468966630777051,0.12555818168933097
0.12788363179423867,0.12715302494332073,0.12799722123679264,0.12329501695051752,0.12328985630185679,0.12259512808009441,0.12284037193169416,0.12494574876148515
0.12718825298721576,0.125850374757954,0.12722098912663576,0.11723754453777455,0.12726176034642803,0.12551417240703372,0.12677947420162877,0.1229474316353295
0.12786650107307543,0.1274905640420916,0.12784555898655428,0.125986864562506,0.12222823053791095,0.12117346957358338,0.12197656449254053,0.1254322467317378
0.12809206730242664,0.1274524033426884,0.12798755350059576,0.1230005378352398,0.12339069302738137,0.12275890869896651,0.12298637732433813,0.1243314589683633
0.1254469876641699,0.12474526376961027,0.126057727526984,0.11902689871962355,0.126780579080069,0.12537136208244923,0.12774115406044353,0.12483002709665064
0.12475083834046712,0.12352527434805337,0.12511834058789734,0.11529256918615909,0.12958665225635552,0.128217537302579,0.12927448681978507,0.12423430115870344
0.12469832694263865,0.12459225614881596,0.12498576814239676,0.12341029269065266,0.12525999144276234,0.12415061628449771,0.12505780756632764,0.12784494078190828
0.12724257543098427,0.12900659552633167,0.12643509740594253,0.1389782587599044,0.11685445110493524,0.11704142802108863,0.11573370270145786,0.12870789104935537
0.12579788999152905,0.1267668715400864,0.1265701252800949,0.12696566443308013,0.12255222314883402,0.12315695076384517,0.12316922830305775,0.12502104653947266
0.12585555898371817,0.125052397658682,0.12604433189089528,0.12455016852933551,0.12385386176510563,0.12327441386155395,0.12394747416255449,0.12742179314815497
0.12424609040252003,0.124058359284405,0.12492636943463821,0.1216532740004206,0.12677738879207848,0.12500927976685577,0.1259653133661497,0.1273639249529321
0.12579825680579373,0.12542729698791014,0.12603028928817092,0.12540489434741922,0.12377144812444758,0.12286407439020347,0.12341852488470197,0.12728521517135294
0.12389869827965823,0.12351700410137322,0.12424447015183357,0.12198281788835731,0.12670613777483522,0.1255507565422567,0.12661206101077216,0.1274880542509136
0.12599321376087408,0.12601572081749227,0.1261564371509315,0.12574005932141535,0.12376922062642413,0.12247316000235424,0.12323635315927008,0.12661583516123834
0.12630828293972732,0.12574400530063742,0.12620937798881818,0.12536243028268493,0.12362786447931307,0.12251832585191864,0.12358090754571685,0.12664880561118352
0.12605698050663633,0.12545567764713264,0.12613022544715932,0.12300940577156276,0.12490137835616764,0.1234424992801686,0.12462512606105479,0.1263787069301179
0.12412251903752748,0.12392043166735053,0.12435407765252551,0.12578810289203635,0.12445979281408812,0.12325410885838235,0.12492704251846068,0.12917392455962895
0.12592482078747752,0.12452659253261934,0.12656524386753396,0.12031118474424354,0.12557119066610423,0.12557808630297804,0.1252627842992284,0.12626009679981495
0.12365340025585941,0.12307836091350585,0.12405467331681665,0.1198957754569743,0.12807898910545049,0.12688345267563986,0.12790593027476377,0.12644941800098955
0.12657825325071753,0.1261629972528213,0.12599829324502881,0.12391727532913856,0.12433825463339174,0.12320533489017607,0.12386508205974928,0.12593450933897665
0.12594003957099323,0.12431202038355006,0.12711019812018629,0.11800446098818218,0.12681808714405973,0.12565619995629213,0.1271977634598809,0.12496123037685541
0.12668005310073302,0.12464963621993594,0.1265744549106047,0.12300125412005616,0.12504920953270693,0.1232018703346076,0.12454561668393346,0.1262979050974222
0.1243429895162327,0.12503606678428186,0.12707193599613914,0.11203229074022256,0.12831015659862324,0.13025306829338598,0.1309351313162562,0.12201836075485833
0.12553469424490374,0.125162831236923,0.1258462266728366,0.119275819570818,0.12666061634165937,0.1257083473831455,0.1266367182147086,0.12517474633500528
0.12787653737600727,0.12764083480212715,0.1272997795271583,0.13311865409549303,0.11956200195661522,0.11841222589798411,0.11888560597689131,0.12720436036772373
0.12450037955173067,0.12386063233708823,0.12486246098209607,0.1231431535841302,0.12561073640191675,0.12468113186506528,0.12557383413624448,0.12776767114172832
0.12461807554204435,0.12461813861183153,0.12502066521259855,0.12164505860491762,0.1260453611652244,0.12550754139101433,0.12610932287157167,0.12643583660079757
0.12577050084824046,0.12499269484988183,0.12606515828056317,0.12241182704336952,0.12541145422087233,0.12378535983786315,0.12511823749613346,0.1264447674230761
0.12725356184246348,0.12673606861717593,0.12690998647519142,0.12680383953642096,0.1230177125677552,0.12165346498750258,0.12198348607744439,0.1256418798960461
0.11795478974330896,0.11263320423127524,0.11986427323235385,0.11691209284373512,0.13630979095695114,0.1308482037976468,0.1375704858263664,0.12790715936836244
0.12549198100162018,0.12394724435584002,0.12571668793575358,0.12073939470485133,0.12597683564755233,0.12566770082130221,0.12665450838035358,0.12580564715272674
0.12352437737767824,0.12324567176286533,0.12444780548413079,0.1168525736275671,0.12878503427007126,0.1286550500965383,0.1283424942277248,0.1261469931534241
0.1251118697138351,0.1255611263129194,0.12551400343036437,0.12246880509292211,0.1250583083497818,0.12505620525430947,0.1244504154614303,0.12677926638443746
0.12531153896181485,0.12410857444308429,0.12520038401197608,0.12281212463276994,0.12618130506991668,0.12433122987025107,0.12574544793458733,0.12630939507559977
0.12685765800884172,0.1252051466391732,0.12679928638201377,0.12276195180999062,0.12544439456347212,0.12326457292220765,0.12479415311303856,0.12487283656126226
0.1262564204500316,0.12595527441676005,0.1265167258405739,0.12348781618331536,0.12474911637513027,0.12389502593101155,0.12363693487875876,0.12550268592441846
0.12834640059520433,0.12620420890424458,0.12897383226675704,0.11779591134313029,0.1262550538109799,0.12328774166713555,0.12580954503113234,0.123327306381416
0.1258955263270196,0.12385552352860342,0.12626916308800026,0.12483201259591419,0.1249083771340082,0.12137956433654808,0.12454867698545609,0.12831115600445012
0.12720302641791872,0.12619107864341125,0.12759944948606539,0.1206898051123507,0.12568756431760142,0.12411475911642274,0.12429422563811009,0.12422009126811963
0.11767459313241617,0.12447584883297948,0.1196945494259883,0.11522452270322996,0.12827635878746582,0.1355777042130192,0.12991436146864715,0.12916206143625397
0.12793128631057607,0.1275925973268285,0.12749777198906898,0.12340516429982387,0.12341496734081665,0.12274094016974452,0.12307973447266893,0.12433753809047249
0.12584478977204244,0.12509812342745216,0.12583378404498133,0.12143154009124774,0.12567238969983333,0.12435973625693932,0.12532788277619192,0.12643175393131179
0.1259008935081216,0.12409393018614105,0.12579059063691692,0.12173376185035076,0.1265828497313165,0.1241828756596526,0.12568978988189114,0.12602530854560956
0.11855582668583049,0.1164453467212214,0.11897690706480883,0.11378103435133513,0.1359276932290791,0.13176505325101182,0.13528401654055794,0.1292641221561553
0.12577350789155212,0.12554193344532613,0.12584483803652116,0.12381631367719026,0.12460644102864735,0.12397191418352518,0.12433618717253715,0.1261088645647006
0.12837348672513538,0.1277644573195767,0.12749585538407582,0.1326838371108429,0.11994038949200399,0.11772978061045936,0.11887528766579497,0.12713690569211097
0.12474888898022372,0.12443170527522128,0.12531689365282245,0.12078887042966605,0.1264155491837719,0.12536274506434175,0.1263748382558062,0.12656050915814665
0.1257711013159893,0.12513831612665707,0.12591458457689955,0.12102398527094618,0.1256917819447517,0.1252085678585015,0.12559853926567005,0.12565312364058462
0.12435150996065834,0.1234432200219657,0.12452500586750387,0.12131727512237708,0.12715111357720538,0.12557480927586073,0.1267983517548093,0.12683871441961955
0.12737241791884943,0.12705571265586635,0.126929605422551,0.12521220163337515,0.12322887748528721,0.12210957093103199,0.12289560409478648,0.12519600985825236
0.12578656841938393,0.12404558228791544,0.12673195825226835,0.11840792443364442,0.1272285024542194,0.12504028448765153,0.12755372774566034,0.12520545191925642
0.11731829607708238,0.11799885658517921,0.1180701348176522,0.11183441798239524,0.13556355680426024,0.13349134345835723,0.13637192652971553,0.12935146774535786
0.12619114049242058,0.12600511206817197,0.1260748358029422,0.1234569616195851,0.12443431659482045,0.12408445025747618,0.12422059216900072,0.12553259099558287
0.1241270229318893,0.12293209802486632,0.12494731716180446,0.11975979662856308,0.1274225822278635,0.12601344730678002,0.12758977201323082,0.12720796370500242
0.1280877398983366,0.12704426720812834,0.12825790446357604,0.11857248908700233,0.125384625308307,0.12478918806179766,0.12527663709977774,0.12258714887307431
0.124065208046737,0.12351848142200693,0.12447844775777328,0.11867644680912873,0.12797644443861675,0.12644411365856656,0.1278649196443293,0.1269759382228415
0.12527758892154342,0.12352520048010208,0.12584151134824068,0.12231358802512225,0.12588222373359056,0.12450559295312048,0.1256863920153349,0.12696790252294554
0.12592921519990802,0.1251505403115027,0.12679015649509248,0.11858435039672544,0.12657858926536264,0.12517071034849672,0.1264677444585845,0.1253286935243274
0.1286491621957695,0.12825503924616374,0.12778914061204155,0.11615280419984872,0.12577361445977372,0.1272047080530064,0.1259338472652886,0.12024168396810768
0.12228459637714076,0.12375988137248647,0.12293287602835644,0.11239519652099864,0.13162818797374443,0.13135194216122936,0.1308541405352691,0.12479317903077476
0.12676633216069125,0.12668889186190574,0.12684815278819306,0.12373572329755415,0.12441234127634435,0.12198986079896826,0.12399591876171977,0.12556277905462346
0.1261451615065288,0.1254631859441018,0.12621004751445317,0.12245894535009753,0.12522096690725776,0.12397994169027793,0.12485410338131298,0.12566764770597008
0.12833531663359798,0.12731765463379638,0.12832772089161426,0.122989613836939,0.12323201839853822,0.12230651949889818,0.12308535724373744,0.12440579886287846
0.1261786309464725,0.12550414599095885,0.12739304977514304,0.11510472775922972,0.12786115192441314,0.12773731370723007,0.12722770869572134,0.12299327120083144
0.126919273658679,0.12713792120493503,0.12635294991915416,0.12571802483328856,0.12330349337908841,0.121800918856237,0.12342101602871575,0.12534640211990208
0.12786132806809666,0.12782643522039386,0.12805336445383272,0.11980721484369139,0.125313201415713,0.12372567852282823,0.12435497865839194,0.12305779881705234
0.12603650061829913,0.1260344867396125,0.12596007697946127,0.1277768493683425,0.12255360572867201,0.12221341786175186,0.12197705422382546,0.1274480084800353
0.1261758772904911,0.12558079233093805,0.12634155468943273,0.12086291814707234,0.1256317783672225,0.12471140051768807,0.12550506460971714,0.1251906140474381
0.12492551605294917,0.12521045789837662,0.12543340306475026,0.1232920472241617,0.12456719189018105,0.12488869015670033,0.12499201537542329,0.12669067833745765
0.12396803957590205,0.12365538146819242,0.124174778138276,0.11932185892649594,0.12822059841348707,0.12679136167353505,0.1279314121485368,0.12593656965557468
0.12683134084601505,0.12688892514113975,0.12692153042229443,0.12523623405779488,0.12317767058678662,0.1222697773019761,0.12270161699000585,0.12597290465398728
0.12876927648590564,0.13110452129966566,0.12987033849187568,0.12803682417784049,0.11747898215614334,0.11940065928340662,0.11795445713894509,0.12738494096621752
0.12413717450314775,0.1237003825794004,0.12465840691681399,0.12395276561516715,0.12499858913295249,0.12430506659269086,0.12549206493270185,0.1287555497271255
0.12613451195663125,0.1254728527732177,0.12629738744500235,0.11991479531861099,0.12550887611040773,0.125782106395914,0.12497521262093735,0.12591425737927867
0.12307298831556628,0.12200091273856851,0.12404232046232999,0.10694018075142411,0.1329992572146408,0.13290863617977977,0.13456948280819034,0.12346622152950022
0.12475492963798542,0.12402010198507339,0.1250451070395687,0.12148119620477368,0.12659134215253054,0.12526833632740408,0.12652540505889395,0.12631358159377024
0.12477700887635751,0.1240633888781235,0.12508751693912984,0.12015219399274148,0.12704899838694228,0.12557346475714068,0.12715831334608643,0.12613911482347825
0.1253020315223369,0.12393714720290085,0.12538275125291953,0.12128091610527607,0.1263854785971342,0.12428869474085041,0.1259713868118545,0.12745159376672763
0.12369853066224464,0.1237159948046807,0.12441416963651163,0.12396818711859355,0.12570958614736424,0.12423909021755486,0.12575908492184998,0.12849535649120034
0.12543295252277348,0.12456582566315837,0.12559971152598925,0.12416211734596447,0.1251528377895543,0.12404997994768581,0.1243146684610494,0.12672190674382505
0.12055125892659804,0.12098401958047365,0.12084143734172681,0.1163822594016448,0.13123299371209374,0.13356338556063366,0.13020755809356618,0.12623708738326314
0.12586219059074424,0.12502078309319897,0.12623012525392516,0.12129320372629307,0.12573928459264033,0.12467120909446497,0.12543384258450616,0.12574936106422716
0.12757622259217638,0.12720246222733161,0.1276828846303686,0.12995168630762358,0.12067099307767765,0.11930433802774683,0.12107328446818044,0.1265381286688949
0.13006063188933598,0.1261004665913848,0.1302155298108356,0.11831232078466643,0.12612401593323336,0.12188653075413433,0.12510472758392718,0.12219577665248224
0.12371394815222116,0.12987857032187938,0.12387811209331084,0.13288594018715463,0.12141621054147712,0.12073155598222082,0.12201610132799015,0.12547956139374583
0.12542503791815768,0.12439885349434775,0.12594335804713616,0.12275570763050993,0.1258697966781161,0.1226878205029561,0.12560665787078662,0.12731276785798976
0.12878957643545072,0.12491275333059076,0.1291333268686947,0.11757702934337638,0.12777494632327469,0.1224644101152615,0.12508747941659235,0.12426047816675886
0.12745297332534408,0.1259895976412928,0.12775162382567845,0.12618764286758713,0.12354276654645827,0.11801385262322595,0.12385442829572921,0.12720711487468414
0.12439936600032053,0.12402908614364576,0.12491308127173324,0.12107590355905082,0.1261548074705777,0.12625329074751365,0.12625546952710556,0.12691899528005265
0.12608499214375343,0.12438817873460013,0.12662304274591824,0.12063863204141288,0.1261902506617504,0.12384774172750437,0.12595092102321495,0.12627624092184564
0.12614814186931214,0.12571261538337242,0.12625068116148327,0.1204536025722544,0.12616758449416957,0.1243961177408749,0.12603400919699118,0.12483724758154215
0.12796241411902812,0.12862870046080913,0.12755177586420585,0.12488739115023248,0.12237433625977395,0.12182822925429239,0.12276051814034468,0.12400663475131343
0.1281065664529322,0.12698584628017348,0.12804503422808095,0.12069367456749118,0.12465549716266813,0.1237745110579533,0.12457789355327761,0.12316097669742315
0.12914057409162294,0.12931609580082046,0.12979858627645197,0.11921480753417392,0.1233071077652423,0.12406898048666182,0.1236819283023896,0.121471919742637
0.12663973639030648,0.12598031911362068,0.12652465730055013,0.1232856817288444,0.12489076473067953,0.12353343357325026,0.12409337958398478,0.12505202757876369
0.12361233302649674,0.12254341739279652,0.12451516832288918,0.12019856284693657,0.12766173203717138,0.12713230097601755,0.12834349196881883,0.12599299342887316
0.12507655195024983,0.12572937506460669,0.12533538335869626,0.1219678784606807,0.12656164580426682,0.12544099737383183,0.12535470207519916,0.12453346591246868
0.1256627395365034,0.12545056860632084,0.12574142950681835,0.12054031958014769,0.12632898677458726,0.12525724661218013,0.12618988748474838,0.12482882189869389
0.1266537414603439,0.1254664451427156,0.12728666723667686,0.1219672827208206,0.12444626387796486,0.12352295850031761,0.12457917339191682,0.12607746766924383
0.1240441182433565,0.12545218951610818,0.125215659842773,0.11944528444389421,0.12693528723368852,0.12695930008216633,0.12734097621868623,0.12460718441932703
0.12520175398471986,0.1250068027136966,0.1252136216493635,0.12290394038374386,0.12553845060568058,0.12465551498964436,0.1251715780476219,0.12630833762552937
0.12772033355134593,0.12853438991912744,0.12893947290757798,0.123820364749334,0.12104560654728089,0.12226128041062874,0.12208578503549163,0.12559276687921342
0.12471681218439785,0.12343335927905955,0.12659413192420274,0.11973849253843895,0.12641198747891222,0.12576840929417354,0.12733436039262044,0.12600244690819476
0.127201171009561,0.12519515475961954,0.12763787174836858,0.12456131499440119,0.12363542455270218,0.12176078126043192,0.12340295603732501,0.12660532563759047
0.12662092546218282,0.12613637357246923,0.1265218084876419,0.12464123186161896,0.1237675429140311,0.12253319600188696,0.12319149130502897,0.12658743039514
0.12124597423126907,0.12211233313358118,0.12138676900998326,0.11629001580821087,0.13056201035957532,0.13068932157460492,0.13113279633672675,0.1265807795460487
0.12898668192253132,0.13034182014285256,0.128704250302617,0.12948259816683005,0.11960227449822831,0.11859959391261744,0.11913939246082154,0.12514338859350174
0.12891079524447857,0.12737509567216979,0.12812356400919803,0.13490203934703526,0.11778122207798389,0.11635588118072687,0.11736387347876859,0.12918752898963906
0.1290654735456291,0.12703114574529775,0.12853706719022873,0.13099369145960535,0.11988239469038223,0.11781716403941976,0.11968088569916564,0.12699217763027154
0.1259807558253805,0.12515868433145474,0.1258847738512721,0.12033324704961672,0.1260238411643176,0.12563032210669497,0.12573153043071109,0.12525684524055225
0.12647448553077642,0.12607979745610934,0.12642345422214557,0.12296011388435493,0.12458101605950114,0.1235842717421133,0.12403385368694479,0.12586300741805445
0.12627862731921682,0.12652095792345477,0.12619150388555245,0.12124313713208262,0.12538429868967138,0.1248065015597282,0.12509905849220085,0.12447591499809287
0.12636503905942326,0.12702367508795553,0.12647742927359973,0.12403138353780857,0.12339724297248739,0.12397561603980836,0.12289786803919242,0.12583174598972474
0.12715671008580967,0.12693316547056116,0.12712242650146843,0.12266462684461073,0.1243617265975193,0.12311338762488118,0.12401115708118304,0.12463679979396651
0.12765515151992224,0.12833267182112046,0.1269318502462152,0.12074825704956076,0.12431005190700929,0.12388246393480118,0.1240508683997541,0.12408868512161685
0.1260823289285998,0.12535772656262642,0.1262092774916977,0.12327047628388467,0.12447537047521674,0.12334959074223888,0.12480402048790483,0.12645120902783105
0.125909170066785,0.12501650829814306,0.1264611930537003,0.12116749647401166,0.12532619271736323,0.12496394060997904,0.12558901186272375,0.12556648691729402
0.1254823411566714,0.12532291715504199,0.1260950260536884,0.12251497510082844,0.12445903070459317,0.12441167780580577,0.12491221539236957,0.12680181663100132
0.12900447897721962,0.12919770357096497,0.12834865265456225,0.13371207146951344,0.118622129017386,0.11761790904300162,0.11771144519837182,0.1257856100689803
0.1279469613720612,0.12446123729927425,0.12648125456259104,0.131743477389601,0.12190723381627751,0.11935476666865633,0.12119005425248225,0.12691501463905633
0.12407901799925304,0.1251577018622506,0.12430812306168987,0.12012021110337229,0.12638598922340116,0.12723911148353484,0.12636739008382597,0.12634245518267223
0.12705678771686907,0.12625834299223151,0.12689386835159458,0.12393039246843844,0.12374602410280558,0.12295385204790382,0.12355460224469428,0.12560613007546273
0.12380361967598501,0.12363119956253733,0.12472666809058731,0.11987085649437804,0.12751701574206184,0.12617318244942013,0.12772562471642057,0.1265518332686097
0.1258175270007907,0.12438988992870204,0.12603770782023585,0.11702631141279414,0.12813276807288726,0.12706893321328097,0.12772163566812905,0.12380522688317999
0.12039301834770906,0.12129099071338403,0.1220412123746113,0.11182121413784323,0.13296480283705217,0.13394097374394986,0.1339300482280595,0.1236177396173907
0.1262410691674893,0.12645871829304361,0.126168019981243,0.12690851817507776,0.12329097829752336,0.12229008621891306,0.12261990520259476,0.1260227046641151
0.12789154740695907,0.12716728085803256,0.1274588957957588,0.1299354867811907,0.12035289125407371,0.11905084706298759,0.1201970558864541,0.12794599495454348
0.12499964455593336,0.1251259502548063,0.12549350698144865,0.12100387284162677,0.12629891095806578,0.1256341057571857,0.12611996228420355,0.1253240463667299
0.12647287269674426,0.12690090822610142,0.12687446311449024,0.12157627141523404,0.1245382996377741,0.12438797851035319,0.12455677824301103,0.12469242815629175
0.1282343573105491,0.12773462178651115,0.12812727351672662,0.13055834171551414,0.11984934378763247,0.11795927761667373,0.11920747940427602,0.12832930486211674
0.1280877398983366,0.12704426720812834,0.12825790446357604,0.11857248908700233,0.125384625308307,0.12478918806179766,0.12527663709977774,0.12258714887307431
0.12842582780809533,0.12811868829274747,0.12802810204623785,0.1249088132084021,0.12204181725221655,0.1215997337562683,0.12210462863329988,0.12477238900273245
0.1281316398132286,0.12755783774474078,0.12733313517650605,0.12787119792177135,0.12173845762428934,0.12063875592868259,0.12112210195838966,0.1256068738323917
0.12514363669920806,0.12320732904402494,0.12608175426045287,0.11742830492920536,0.1281184656219956,0.1283087691088224,0.1274387299313899,0.1242730104049008
0.12442627669914247,0.1231717126997559,0.12455457462194468,0.11761127473651317,0.12989181300403474,0.12556275499409314,0.1299641314533308,0.124817461791185
0.12692872134774616,0.12591019951735347,0.12701193763750862,0.11708165962786633,0.12665936984027568,0.12584190167086473,0.12636217221642565,0.12420403814195935
0.1246660819004113,0.1239910941431472,0.12492755104183899,0.12142953929963766,0.1264458526971404,0.12487958652015534,0.1263889648353006,0.12727132956236845
0.1268878026525057,0.12683588580424116,0.1273159830695941,0.1190102262226613,0.12460702385530026,0.12551650596527575,0.12443101262512109,0.12539555980530065
0.12450159918678194,0.12456201132216357,0.12461403366889363,0.12251214010692538,0.12545332186757885,0.1255599868292192,0.12545218936590397,0.12734471765253347
0.1285405862915084,0.1296370238802531,0.12853012669106204,0.13269932853099942,0.12008843392650553,0.1198824810344071,0.11682676781002556,0.12379525183523886
0.12571260446044585,0.1256294203650609,0.12611192844819127,0.12179358179158781,0.12581200495000938,0.12380808767666471,0.12538092651565333,0.12575144579238687
0.1263671640026402,0.1241626130223786,0.12666382436629026,0.11986856010432435,0.1259234044002101,0.12479502485761558,0.12605416497036673,0.12616524427617426
0.12560558948678588,0.1255576549904754,0.12581513543182876,0.12189431186427861,0.12560128756011069,0.12490010768854667,0.1253642822058762,0.12526163077209773
0.125224265883008,0.12508062281284146,0.12548978069507044,0.12247069577954377,0.12548651173393513,0.1248248987734168,0.1252349741767175,0.1261882501454668
0.12815081437710416,0.12723607483051558,0.12836002251919348,0.1281082580373985,0.12141275033390037,0.11976040725039536,0.12107446591910331,0.12589720673238936
0.1240158818568157,0.1230168423125357,0.12457789051512695,0.1184918530897074,0.12882922999980176,0.12690055113757548,0.1284574712806209,0.12571027980781607
0.1275186332103376,0.1266629808650807,0.12764979573873608,0.12282312772070227,0.12404621784701554,0.12299405520488021,0.12356697399250992,0.12473821542073765
0.12389184768056286,0.12347505006375192,0.12437456171741065,0.12154311726117574,0.12697101052558565,0.12594099656752142,0.1270089180236683,0.12679449816032354
0.12511348291430213,0.12481234269153062,0.12567958996859094,0.1216138245725741,0.1256619916902493,0.12490959154089891,0.12557704790237184,0.12663212871948215
0.1275321033326019,0.12776647284378467,0.12733093891403904,0.11921471984866429,0.1251863424247801,0.12518789019081558,0.12482781335461249,0.12295371909070184
0.1290178747061796,0.12812689505572514,0.12947136421487052,0.11821412618247575,0.12503992467043293,0.12409909577878553,0.12434972564131039,0.12168099375022016
0.12495422945448682,0.12468671480661749,0.12523738823761746,0.12151110419598188,0.12625355442941186,0.12543110114954084,0.12603371381495418,0.12589219391138948
0.12360715470246245,0.12290193172383516,0.12419674660326777,0.11802777452114087,0.12778914615664716,0.12734306057263473,0.1281970568709811,0.12793712884903072
0.12477378010963043,0.1233753413202712,0.12485477668373625,0.1198684698412384,0.12801003145211143,0.12518666437927198,0.12735881715322667,0.1265721190605136
0.12903845831361035,0.1283719825082024,0.12772757144771743,0.11535607038397858,0.1268546307364207,0.1256450579334281,0.12537552292841955,0.12163070574822285
0.12850599628189166,0.12718455434891965,0.1278088671010301,0.12345551365706979,0.12349372582086485,0.1214109651031681,0.1230418194634642,0.12509855822359164
0.12299018994587986,0.12093464561227651,0.12404199715968851,0.12141858566817645,0.12737352889541223,0.12421543387336353,0.12782524295088157,0.13120037589432135
0.12243280769821807,0.12283240675964399,0.1232046286194707,0.12137054758419491,0.12752827186769242,0.1252186489416148,0.12823840642021755,0.12917428210894738
0.12646490979281377,0.12573951221380145,0.12643590891719725,0.12435607722386743,0.12391985789833623,0.12268446995091253,0.12380059152665686,0.1265986724764144
0.12696903790823524,0.12620710863354592,0.12700158173966114,0.1266396717784602,0.12297979741075135,0.12144976037161774,0.12244499653992122,0.12630804561780726
0.12351869579733811,0.12318512413454397,0.12387149287381413,0.1193278475504398,0.1283440590558122,0.12630332955972048,0.12831412546564921,0.12713532556268206
0.1189599872156576,0.119648198830128,0.12080167216248157,0.11021390009711382,0.13495394667208344,0.13538291788238,0.1347316464183714,0.12530773072178417
0.1254340295265276,0.12508248386584972,0.1255802037236343,0.12272578796727687,0.12537515652958023,0.12429228401780869,0.12516207638065524,0.1263479779886674
0.12500738112015017,0.12324230563373953,0.12494433828268005,0.12299462090909381,0.12595874420994171,0.1244811821420737,0.126071077737788,0.12730034996453288
0.12705707898756158,0.13053853771612275,0.12753845215471513,0.12220291245651743,0.12256406382451575,0.12383234360294301,0.12268321563177037,0.12358339562585398
0.11925864601096998,0.12097995621903833,0.11981884821134443,0.11488443232996642,0.13143648724262755,0.1348131626731719,0.13237571605778758,0.1264327512550939
0.12672947217675007,0.12547262900826503,0.12653821584487562,0.12126356560127721,0.12548275476274276,0.12428780302434377,0.12532894368393052,0.12489661589781512
0.12241746296060732,0.12302487134118927,0.12041416708209227,0.12168725092693015,0.13063841899683784,0.12762693626884972,0.12908196784026935,0.12510892458322412
0.12608120225483155,0.12473982857857228,0.12551588687729448,0.12292623705471095,0.1253335638889609,0.12398154521464105,0.12533106133201613,0.12609067479897265
0.1264479448396679,0.1263092041024243,0.12613232856242299,0.12253799026096622,0.12502739228518406,0.12383329284789278,0.12441606932748685,0.1252957777739549
0.12565424108090684,0.12490955623503089,0.12580218969317608,0.12336671512543561,0.12527274616506925,0.12405014263640804,0.12486507284319624,0.12607933622077702
0.12605377724913497,0.1261912235490878,0.1262466166350682,0.12191892483143234,0.12544096559085574,0.12448026368759642,0.1246861869140697,0.12498204154275488
0.1273928460247939,0.12648722716985908,0.12692331823084627,0.12377452273291381,0.12406652727221104,0.1225443021770463,0.12388843027789997,0.12492282611442965
0.12511659761611307,0.12382923277005167,0.12550778232327656,0.12326548182646364,0.12555940791753076,0.12382507428526465,0.12494236315410664,0.12795406010719304
0.12271986933739512,0.12318631045141712,0.12337975598305034,0.12160892267972735,0.12707759261234122,0.12745888473011707,0.12655560858855744,0.12801305561739437
0.12049365289449245,0.11981878766179994,0.12122726792153678,0.11615858791536784,0.13321442655451382,0.12960072985263799,0.13356084465168425,0.125925702547967
0.1245755197183576,0.12404696712109482,0.12489306933992471,0.12100271305173706,0.12694390805949357,0.12538549235145538,0.126907663612645,0.12624466674529183
0.12545402079620668,0.1233858700247275,0.12584390806629608,0.11730525630085581,0.12878111829284625,0.1251963220796138,0.128775586191306,0.1252579182481478
0.12684270984247892,0.12661781325611385,0.12686113223106715,0.12252846762398566,0.12441255517583427,0.12371843997756957,0.12403095208229478,0.12498792981065583
0.12550992072889144,0.1252352926481241,0.1254288854283572,0.12316389268745428,0.12491275698477568,0.12404509656078078,0.12467813041225712,0.12702602454935932
0.1265388217112666,0.12770494238866872,0.12725473006405544,0.11640633072144682,0.12572590393011868,0.1268284600797797,0.12663360852080538,0.12290720258385857
0.12430042126714583,0.12256790959842927,0.12469802489862815,0.11835931427410486,0.12872495737956963,0.1263809745017568,0.1286040133452501,0.12636438473511552
0.12294213593489674,0.12231955672534366,0.12357389428427831,0.12030860675624794,0.12805136385974966,0.12636102534482563,0.12857297398471573,0.1278704431099424
0.12502551927297936,0.12412852630052368,0.1256401429796989,0.12416687297184333,0.12519887095204094,0.12348299356752852,0.1256629900143185,0.12669408394106674
0.12666635915263907,0.1271709200386963,0.12665362045113088,0.12175581299603949,0.1244222647361312,0.12453453199797343,0.1242148800558162,0.12458161057157348
0.12436269599741212,0.12381853127325364,0.12442753899533605,0.1203881066632926,0.12735725119482236,0.12654143194738718,0.12687630081548595,0.12622814311301014
0.12775379959326888,0.1271858498770193,0.1267385572839379,0.13375420164467053,0.12000710765334538,0.11847424922423913,0.11900248371604989,0.12708375100746894
0.12796687523827843,0.1283774497981012,0.12787624454056512,0.12150295575710687,0.12350371308147974,0.12375314946020051,0.12336767614679248,0.12365193597747566
0.1258016898782201,0.1236854210509705,0.12604998969188957,0.12524996821430942,0.12514805936654114,0.12193250703369009,0.12429997437687774,0.1278323903875014
0.12606654151173352,0.125846732050927,0.12622529420297032,0.12237418012565585,0.12494499015578923,0.12435457467653274,0.12470259518938394,0.12548509208700737
0.12653878267230023,0.12495689147438185,0.12681092985002335,0.12017012900900545,0.1257881144363678,0.1253804469421848,0.1258746474558011,0.12448005815993536
0.12670217697002722,0.12679187780065787,0.12660729700091267,0.12313727914610614,0.12373248241776001,0.12365274011663671,0.12390723594468685,0.12546891060321255
0.13001788166238806,0.12908206985839862,0.12861169961635815,0.14034204302157793,0.11533250006964887,0.11371732329124572,0.11465453431225038,0.12824194816813228
0.1245573715971105,0.12427796585258377,0.1250703534336682,0.11953653985002083,0.12712177664689828,0.1263092534243807,0.12697868611091706,0.12614805308442065
0.12396576328706821,0.12251051561599738,0.12441659870653196,0.11927499323227489,0.12727839031972898,0.12599018113977548,0.1272920824606756,0.12927147523794744
0.1309028485219528,0.12988684535849607,0.1283491570680869,0.1412952489158664,0.11531193844405606,0.11216360586382887,0.11516410654987522,0.1269262492778376
0.12572294484694202,0.12575923941098743,0.12602512999964738,0.12206254473590686,0.1253359628093702,0.12482127107092611,0.12477006659545116,0.12550284053076877
0.1252436180567096,0.12479591014507561,0.1256712207953702,0.12229320387291018,0.1253881860029094,0.1250111327472053,0.12513797589415154,0.12645875248566824
0.12366956569263196,0.12378585205250434,0.12412273089053845,0.11646334738848355,0.1293735997591146,0.12883532671812642,0.12900707273661144,0.12474250476198932
0.12046711310240624,0.11697396524546437,0.12184146482044879,0.11601709674841458,0.13388199979964815,0.12997441976081428,0.13420059302880297,0.1266433474940006
0.1234794521271036,0.1254156752010948,0.12374796689580117,0.11353397072479546,0.1348085140949327,0.12731138306478795,0.1315584693893965,0.12014456850208796
0.12928556920068737,0.1286815278360826,0.12896841164853842,0.120858637038858,0.12339493549188937,0.12223282459642948,0.1226483524384582,0.12392974174905665
0.12911313058151014,0.12948352250423464,0.12889254883172485,0.1217077761782702,0.12274237239266658,0.12418023723580528,0.12117646964304758,0.12270394263274059
0.12651162080536266,0.12379380611517916,0.12696333993186718,0.1245223884126017,0.12449845145805007,0.12205581169837879,0.12397138072903083,0.12768320084952978
0.12956603169004074,0.12905474470138767,0.12931119277169104,0.13441402156621562,0.11767774977885893,0.11701433653447665,0.11724029872073106,0.12572162423659838
0.12823148837778833,0.128997101289411,0.12782309187368365,0.12223593828778974,0.12307214001135602,0.12351838600309001,0.12275128447749191,0.12337056967938934
0.12683008790193628,0.1269023578712588,0.12672849153851948,0.12318947078915927,0.12433460317128402,0.12340296554171493,0.12394296891296712,0.12466905427316007
0.12757244799296272,0.12745884619436662,0.12738950041247785,0.1277298253015393,0.1216740285758612,0.12081971112085832,0.12121626561303768,0.12613937478889628
0.13054620520085136,0.1281376505605702,0.12916725735710766,0.13560580819131343,0.11697559966566534,0.11545160640297049,0.11607331160288314,0.12804256101863826
0.12595009710324034,0.1238982663084475,0.12916367814267518,0.11044649989143006,0.13231613291315983,0.13133018743311609,0.13043912241114672,0.11645601579678432
0.125362050225456,0.12611729206620628,0.12556653409109905,0.11864790440976289,0.12666573889726734,0.12632008825980762,0.12666347751293522,0.12465691453746558
0.12577871697581822,0.1238923064546804,0.1260433221376747,0.11788811930890788,0.1276695992815427,0.12714331779822716,0.12722354772322786,0.1243610703199211
0.12627726011286036,0.12612614437535752,0.1264013908988813,0.12097888792440062,0.12510159783082317,0.12536552073101537,0.12472406568805942,0.12502513243860233
0.12722829988008605,0.12290426198856967,0.12693875095679416,0.11112310416129,0.13126204531655658,0.12893820865479927,0.12945726651234798,0.12214806252955628
0.11891949251396461,0.12418658025913157,0.12237483968400803,0.11065341855373154,0.1316250672015221,0.13351330714280324,0.13284332858624107,0.12588396605859797
0.1235650029193617,0.12402053455909462,0.12366757940085865,0.11713067927942425,0.12894353458588695,0.12853156149466563,0.12875597911431005,0.12538512864639817
0.12530262862178307,0.1243523222175358,0.12528198995105824,0.11643560398534251,0.12870548914235813,0.12670093186403553,0.12863878011982385,0.12458225409806276
0.1210979576255195,0.11969675134070627,0.12232229263433594,0.11267180611875778,0.13262793295493364,0.13318485741208946,0.13399530064456158,0.12440310126909568
0.12416754529921457,0.12448081615781034,0.12399308426753627,0.10755149140731382,0.13070756960161306,0.1328374580076227,0.13504292956988265,0.12121910568900653
0.12356014217148772,0.12499645902179202,0.12357119607304477,0.1184887553719635,0.12742069128256917,0.129572729646884,0.12729702866525483,0.125092997767004
0.1295676374478174,0.1307191921273314,0.12818249817013774,0.1238103478583065,0.12291866716947183,0.12069167543908924,0.12255849567794988,0.12155148610989605
0.12769858685957428,0.12581365924740098,0.12840237405793314,0.12828638364638684,0.12235715264292968,0.11964451888849346,0.12221232629610017,0.12558499836118156
0.12830293550499577,0.126993208404173,0.12785354825705733,0.1223033080028876,0.12415283474618459,0.12206407911373307,0.12383536393271188,0.1244947220382567
0.1291933903902394,0.12923476106888163,0.12855822167431535,0.12428784284300211,0.12220381886387766,0.12155088626186938,0.12109388065863329,0.12387719823918118
0.12509432758827685,0.1243552392798308,0.12543233322697717,0.1208958736739734,0.12623976381821897,0.12402005253124676,0.12647000778155837,0.12749240209991758
0.1282423611525744,0.12609066808119127,0.12849652501598371,0.12335186373354294,0.12371915733970269,0.121112293701367,0.12351383342125209,0.12547329755438597
0.12609455310709428,0.12522795391756456,0.12645675458361022,0.12048978660652244,0.1260056374640281,0.12478695866576564,0.1254354596554348,0.12550289599997988
0.12334979621642846,0.12289777998740412,0.12376076568603658,0.1187230479400803,0.12869948712641344,0.12712577498270003,0.1282883933943025,0.12715495466663446
0.12731407580064547,0.1269632807603068,0.1278061635456715,0.12176129460139812,0.12415580510227718,0.12310857089535263,0.12402577509049777,0.12486503420385045
0.12012696030110476,0.12025868456404921,0.12052675120638169,0.11602079451148352,0.13251905644625953,0.13104827247903927,0.13301632948750017,0.12648315100418184
0.1278998865241865,0.12753094366729434,0.1281592868130403,0.1196197656170888,0.12489629846909779,0.12492503847585155,0.12406671861785809,0.12290206181558258
0.11890426845183082,0.11837442841674033,0.11865977734729365,0.1184436749439564,0.13360312377158248,0.13021146879972526,0.13342517880500196,0.12837807946386925
0.12764313481023537,0.1272602812959104,0.12746221785406187,0.12246181660832693,0.12400992414195762,0.12317219248571601,0.12355762032841318,0.12443281247537864
0.12749974432883732,0.12598316626831976,0.1275951405532205,0.12304543410094834,0.12374979582214637,0.12254692272761197,0.12355570826057784,0.12602408793833791
0.1293430714033256,0.12909453841399057,0.12811220758538186,0.13763778956383413,0.1167056352851342,0.11619357537326595,0.1158535166962585,0.12705966567880922
0.12683760184085216,0.12562987768398767,0.12682282982466098,0.1273802834511343,0.12316853388281042,0.12097808868862416,0.12264798128715274,0.12653480334077757
0.12728457444826663,0.12717392781270134,0.12668108429361963,0.1277737995678814,0.12205899383608677,0.12068343585584353,0.12171566654188029,0.12662851764372035
0.1277191421683664,0.127144327422639,0.12804506309730795,0.12252907851242024,0.12427068857462409,0.12279229387405628,0.12421202448791412,0.12328738186267181
0.1256107176696309,0.1254372811609828,0.1265206330296819,0.11974665237641426,0.1261326614453913,0.12530010456463156,0.12575406129002925,0.12549788846323806
0.1268357917730768,0.12598135590064752,0.12741742993544586,0.12266527232869821,0.12410747227643454,0.1234500206869717,0.12423839236903901,0.1253042647296864
0.1253550974539705,0.12459346036099653,0.12568930364689815,0.12100267933587529,0.12637988103283052,0.12472426642890147,0.12623114351316173,0.1260241682273657
0.12529767108811093,0.1252392778105541,0.1256560389717783,0.12103102737844183,0.1256368723687148,0.1255378040148053,0.12542217667500155,0.12617913169259318
0.12657791245029756,0.12644297291668055,0.12666475384136344,0.12431475806983106,0.12399108855914545,0.12263215620806497,0.12370042755424387,0.12567593040037314
0.12577263923585638,0.12556857149185685,0.1256685874477946,0.12229832575560023,0.12551179612972893,0.12491788401145563,0.12513390410200576,0.12512829182570168
0.12653479912941135,0.12662270008786103,0.12686512644690273,0.12119723274300055,0.12522271643319816,0.12426213189804745,0.12512942065071705,0.12416587261086166
0.127598864415057,0.1290624846299855,0.12775266839255006,0.12845005722701697,0.12115793796626169,0.12184982356588203,0.11941561613688685,0.12471254766635988
0.12507926832866237,0.12546725840530248,0.12528458685463117,0.12171374786082716,0.12641318819845518,0.12411873675750781,0.12564447307496893,0.12627874051964488
0.12594450067392118,0.12571709375151227,0.12598544517566806,0.12404209373273704,0.12465062451775781,0.12355202523557045,0.12410954859972247,0.12599866831311077
0.1255608133192454,0.1241179164498136,0.12693301522383893,0.11579394437056684,0.12838885888114507,0.12697838222301036,0.12817354436719253,0.12405352516518729
0.12747731621049158,0.12739072353636724,0.12771688986601432,0.12073340202253938,0.1252363187206199,0.1237694650816283,0.12487596099297633,0.12279992356936299
0.12401087475685932,0.12519889362599396,0.12425105144779067,0.121152135643678,0.12597836663818304,0.1273673081385649,0.125676232692596,0.12636513705633412
0.12367011340322817,0.12470380269892364,0.12353560965888272,0.12354422670164852,0.1257663250294694,0.12492796803561441,0.1252304832117731,0.12862147126046
0.12310656394343013,0.12229980384296206,0.1239468116232569,0.11474262908954375,0.13179302239428956,0.1292799935146525,0.1318060342300024,0.1230251413618627
0.12722064654407642,0.12532459473954294,0.12668586224482797,0.11615449716197293,0.12720626820871025,0.12682973315792848,0.12711800151689895,0.12346039642604195
0.11797832750900952,0.11628270837372226,0.11943594889280926,0.1105797377387297,0.1388704342890533,0.1330933318589154,0.13872062828130322,0.12503888305645752
0.1268891761834094,0.12389892015701648,0.12795829975541714,0.11692708271709988,0.12707965352823344,0.12735338256815526,0.12844100903458988,0.12145247605607849
0.12634404742682181,0.12550221981208132,0.1266825017578783,0.12234924200450832,0.1249151814943864,0.12345162936760498,0.1247006399749872,0.12605453816173162
0.12779348903826349,0.1276561529835858,0.1270410262030178,0.11855603713484443,0.12594352937957465,0.12429201758155635,0.12573091407741976,0.12298683360173773
0.12652582302576443,0.12737543969162357,0.12738217525623344,0.11826875740286905,0.12538347394088234,0.1263671725468104,0.12549380962735882,0.12320334850845804
0.1260593368375889,0.1253789134578445,0.12590300093833753,0.12255732969165767,0.12508748965156083,0.12490310691283164,0.12494552533806078,0.12516529717211808
0.12569282312720567,0.12495332239751769,0.12601182983021073,0.12130109100248028,0.12581295480677893,0.12420023234529229,0.12561227994877308,0.12641546654174135
0.12574814765639414,0.12342202865033533,0.1265526898235376,0.11737171655212766,0.1285606344217873,0.12603220842118606,0.1282855584002089,0.12402701607442304
0.1256106701289229,0.1252204396112841,0.12623445833714178,0.11725564618170492,0.12728201924054178,0.1275725483270336,0.12716406195850816,0.12366015621486275
0.12846702209298985,0.1277701128607737,0.1279582694730431,0.12593209310950584,0.12232025104134589,0.12096386162713482,0.12176504598614252,0.12482334380906425
0.12437163474574443,0.12365616464838078,0.12478143596320847,0.12257300523326999,0.12634857192532367,0.12461612524856794,0.12600361780997155,0.12764944442553314
0.1250369290593524,0.1235784897251207,0.12570002843500197,0.12176017087645648,0.1261766683699061,0.1245553469619564,0.12568772831364863,0.12750463825855735
0.12643651968873804,0.12506829736095879,0.1262662684076655,0.12392786460839017,0.12473183684671901,0.12265463237790293,0.12472762888242923,0.12618695182719641
0.1274813978437517,0.1275022501050889,0.12736437322049476,0.12078302870081886,0.12423612797861051,0.12388928308522461,0.12462476781245331,0.12411877125355732
0.12808388164676812,0.12837759330844928,0.12839819360113924,0.1304065125057661,0.12006074252731912,0.11947803648785636,0.11969139092371617,0.1255036489989856
0.121964876737324,0.12199428055811201,0.12240396160894611,0.12012612723624337,0.12831400815190788,0.12807803950376054,0.12844688532419993,0.12867182087950615
0.12503469497892994,0.12463904824665878,0.12530126206256656,0.12121779357375626,0.12638701042028744,0.12529289643007474,0.1261710047342894,0.12595628955343696
0.1258664829605151,0.1255514735956834,0.12577467671803888,0.12321792834590062,0.12498675424997681,0.12401608354555654,0.12485167676916333,0.12573492381516527
0.12041875451601416,0.12042130424180321,0.12069721860331735,0.11428772688978867,0.1325652884384435,0.13185313827279796,0.13226232844515912,0.1274942405926761
0.12409314257083477,0.12487618777366642,0.12514103358786838,0.12108769110926569,0.12531038501077274,0.1258299796371189,0.1261304185913013,0.12753116171917184
0.12608690471004705,0.12573066351317222,0.12636748718877058,0.12358300081306446,0.12485248915969821,0.1236385378533055,0.1243643122492857,0.12537660451265628
0.12465419637984641,0.1237549345822876,0.12469621297399058,0.11918753323346123,0.12702764777587772,0.12705314842934914,0.1272818593924524,0.12634446723273499
0.12653576779705164,0.125732381918197,0.12653692215179047,0.12101201013454292,0.12555715617263363,0.12420299506240452,0.12549683725283525,0.12492592951054446
0.124171709121256,0.12286344356080017,0.12495858412311536,0.11821064110486872,0.1279233562119988,0.12727054920351452,0.12854678622475801,0.12605493044968843
0.12390049093190325,0.12272447829208125,0.1243185650698872,0.1193190046028676,0.12851818857179376,0.12653564111348542,0.1282527311449764,0.12643090027300513
0.12692413340086228,0.12582794265770683,0.12661713622767057,0.12773910742275038,0.12256026431922938,0.12125613453612663,0.1220525769770147,0.12702270445863925
0.1258690325859911,0.124858807861971,0.12627712473882324,0.12464269232862155,0.12444523113426315,0.12207811556666381,0.12436127757196981,0.12746771821169636
0.12376953484745358,0.12318900890970248,0.12417368548189468,0.11872937617554427,0.12804512325818193,0.12758054180128167,0.12797581764936644,0.12653691187657487
0.12470739700316072,0.12359380596468483,0.1250312084727019,0.12037126295942321,0.1272781735830296,0.12585642259114826,0.1272892339864582,0.1258724954393932
0.12382566013250154,0.12356654484073819,0.12414816872862192,0.1201580826622787,0.12793830242773804,0.12673500798769874,0.12788553681158046,0.12574269640884242
0.12637112270826592,0.12569010067400843,0.12633200089196203,0.12451865644288775,0.124031560633782,0.12309219801668092,0.12393978121151976,0.1260245794208932
0.1265111176948891,0.12634366790521864,0.12687022163057451,0.12285644065739296,0.12409092694440801,0.12369344418363064,0.1238000232709572,0.1258341577129289
0.12707192937163897,0.12725889050584685,0.12760140349010274,0.11879980252913827,0.1256251558428609,0.1243169912284246,0.12600189445825075,0.12332393257373706
0.1279638111100175,0.12718358407989946,0.12801296719855804,0.12351533230890144,0.1229483282624018,0.12278295651141796,0.12252187980713534,0.12507114072166836
0.12552945336012797,0.1244851538999838,0.12574709515674454,0.12381566508132312,0.12519876417693865,0.12355239597040613,0.12470942767269623,0.12696204468177946
0.1301342982015418,0.13101068086539042,0.12934642939262,0.12566909050551156,0.11999015404761249,0.11881825187779374,0.12066581542430138,0.12436527968522847
0.11596840556672909,0.11510150548498473,0.11610824872438935,0.10812195977843331,0.14018377659911968,0.13719076100947467,0.13967831047955306,0.12764703235731598
0.1291713833767816,0.12855954940736136,0.129505575085338,0.11731054310580305,0.12526774847769534,0.1244318248497472,0.12466942731103411,0.12108394838623933
0.1267586019467599,0.1262272654125854,0.1267468511191428,0.12910458224783472,0.12135367973428911,0.11833757072326558,0.12111528683797322,0.13035616197814925
0.12491295865962555,0.12473027226543461,0.12498983394768536,0.12218404456703219,0.12612950181228547,0.12513358417113726,0.12575448410298073,0.12616532047381881
0.12369790742470063,0.12325350420293109,0.12423990792602749,0.12074900693573527,0.12743812053802972,0.1260450834397259,0.12752337163449554,0.1270530978983543
0.12601548725236172,0.12581063823220626,0.12606838692803504,0.12528626011769445,0.12382902334827438,0.12268750179867743,0.12382642932364658,0.12647627299910422
0.12860656837784487,0.12698551984122167,0.12947068244993487,0.11774356982117529,0.12542120440693796,0.12433189759022584,0.12463000034597986,0.12281055716667963
0.12414692949016684,0.1234662703097552,0.12481860000779156,0.12018313125749111,0.12746668905949107,0.12586387284823358,0.12731190755980007,0.1267425994672706
0.12621546397055056,0.12454108762712822,0.1261715742943817,0.12139208551451401,0.12584173073539234,0.12421131054554053,0.12582554009685631,0.1258012072156363
0.12376777978493803,0.12342916632249275,0.1242388213327482,0.12530889020862082,0.1249251326097168,0.12392887997404763,0.12470474820014069,0.12969658156729505
0.12722453899973726,0.12640340888439025,0.12677539262466692,0.12615203542871453,0.12310608540645099,0.12168298173500515,0.12225360383340796,0.12640195308762703
0.12676232314234898,0.12653250920139636,0.12673398272650319,0.12705564362345503,0.12257472125522542,0.1212694000964071,0.12200620494905133,0.12706521500561252
0.12646357181540172,0.12592390147116997,0.1265021900422693,0.1232432861272584,0.12457295902898398,0.12343390374115751,0.1241880452115997,0.12567214256215942
0.12734275489238814,0.12545206297870176,0.12722495142824958,0.12473826988306884,0.12366024519226294,0.1219132150586551,0.12350135356761441,0.12616714699905932
0.12697427071907938,0.12780369815730747,0.1277275747311892,0.12132783440918511,0.12439417995916907,0.12448231715272871,0.12422233229074481,0.12306779258059623
0.12357001764462038,0.12313334961984769,0.12383751558203293,0.11987180991706022,0.12881670067268366,0.12649929908365812,0.1287596005995087,0.12551170688058833
0.1265644655086038,0.1261939091758435,0.12660315614125803,0.12675608983216533,0.12318341750139704,0.12189768595938286,0.12260124784938113,0.1262000280319684
0.12488248097565478,0.12524575489393994,0.1251957800266897,0.12027160666699879,0.1269111632590031,0.12597629858000645,0.12615422004824126,0.12536269554946594
0.12574680325809745,0.12557417438478097,0.12602171651579552,0.12303246227425975,0.1250343533182214,0.12461173309997071,0.1244051103354704,0.12557364681340388
0.1276570179214834,0.12644121733544772,0.1275380527325607,0.12167854492739259,0.12452435694674131,0.12339188878443368,0.12472690093584435,0.12404202041609619
0.12737085861715147,0.12900203470850868,0.12756624034139918,0.11602679740768802,0.1257251504582886,0.12724899418603686,0.12501846608973805,0.12204145819118915
0.12804652210220166,0.12744733318365345,0.1278649697468717,0.1244408941187216,0.12310794790334101,0.12209717002524485,0.1225768448521431,0.12441831806782265
0.1272920906856553,0.1263966430299998,0.1270112323490105,0.12239356909212817,0.12451261082735511,0.12396059532207668,0.12334345759560945,0.12508980109816492
0.12437635797003678,0.123249321714547,0.12424746249946304,0.11249141556150938,0.13084625296276567,0.12998245280396012,0.13093081691881775,0.12387591956890032
0.1251513727608175,0.12486500180605063,0.1249839250460591,0.12102081585627776,0.12638865904802987,0.12453856999063675,0.12642893489098686,0.1266227206011415
0.12736996939734668,0.12808988917016623,0.12760225401293104,0.12013641298604905,0.12441676487581013,0.1252759273906501,0.12366814849825497,0.12344063366879182
0.12799443643468061,0.12746153542064306,0.1281856178358523,0.12379643190546322,0.12351807068029519,0.12235969803405743,0.12282277979855998,0.12386142989044824
0.12916531306122203,0.12911750023029955,0.12821483749501153,0.1334948519101583,0.1186611799432655,0.11748562833024552,0.11793547745081916,0.12592521157897846
0.12208978026284056,0.12123371884382333,0.12323678253163219,0.11699409985409343,0.1309536020928899,0.12905222658220453,0.13113018142358038,0.12530960840893565
0.1277767131161896,0.12665850718553234,0.12765048118972067,0.12243443554443763,0.12464092371858124,0.12322704930862986,0.12401154848162838,0.12360034145528027
0.12722730960150522,0.1259009574800213,0.12679400876034752,0.12763177394913458,0.12266611296138803,0.12039909863964564,0.12245282263727088,0.1269279159706868
0.1252155590498383,0.12443321796457259,0.12529828479736463,0.117683674819492,0.12824140056509828,0.12641758474678913,0.12825728693272193,0.12445299112412316
0.12780328532627636,0.12820782467665615,0.12763805687613536,0.12057081928298019,0.12424881929336394,0.1234434116464936,0.12399664523475201,0.12409113766334244
0.1273525508103867,0.1266424008895358,0.12762458905760454,0.1168218672874054,0.12712295171671145,0.12611983862471784,0.12599909202339646,0.12231670959024178
0.13008138492814247,0.12948724729320862,0.12958658159953607,0.12665662866075783,0.12084040455907445,0.11916862099766559,0.12025283583695152,0.1239262961246634
0.12421027517501321,0.12307984393450437,0.12467702588376077,0.1164457243842109,0.12950580334787407,0.12805689850778024,0.1291682812418068,0.12485614752504966
0.12245730744787588,0.12328737769611707,0.12313273005029571,0.12035591011495139,0.12784844150308797,0.1263010482824816,0.1280618560357232,0.12855532886946713
0.12666050141371832,0.12467485328397995,0.12760049203078702,0.12106989212872929,0.125101598481915,0.12479428170337466,0.12622069173428904,0.12387768922320679
0.1282006021976629,0.12793108397494898,0.12858756550818756,0.12490672357839898,0.1219807279588431,0.12186980918153112,0.12180872587552498,0.12471476172490233
0.12540205252001835,0.12534288692894732,0.12552543050102893,0.12306049844277683,0.1250958942399308,0.12368956786857585,0.12519756012881986,0.12668610936990202
0.12784240032607297,0.12822811792562053,0.12860496783759887,0.11857662607489602,0.12473116960920501,0.12482267772667673,0.12341114340492203,0.12378289709500785
0.1265690384511113,0.1263244362406739,0.12653840703178176,0.12258099955298307,0.12438831047725034,0.12404619305452781,0.12421366329857675,0.12533895189309494
0.1279225985435693,0.12625957625202777,0.12807433607170735,0.1141919827661995,0.12855664946640885,0.1263989355588912,0.12766534075232622,0.12093058058886992
0.12530973350352795,0.12509640427856988,0.1255076475233291,0.12027354786615355,0.12663117380091593,0.12569034851425637,0.1265366252265125,0.1249545192867347
0.12844235151400402,0.1263443077063899,0.12755808636251245,0.12451765274030667,0.12307429242939086,0.12118934236971418,0.12272770654281358,0.12614626033486823
0.12703859665105247,0.12724063262220786,0.12671516099533953,0.12431043994902326,0.12366107735760741,0.12292166329637937,0.12288236489970614,0.1252300642286839
0.12562581352276084,0.12590199646997915,0.12549531007172346,0.12679381376459753,0.12188311767789242,0.12305132313401346,0.12251062018706939,0.12873800517196377
0.1246242440961467,0.12284089020840076,0.12400818937239098,0.11556601768705745,0.129319009863534,0.1297360850305412,0.12860978532961892,0.12529577841231
0.12778516298148143,0.1279401817841559,0.12770299569386412,0.11838096698892966,0.1257991886684728,0.12401328206145772,0.12515249908017917,0.12322572274145913
0.12634368207601435,0.12771243896614684,0.12632314242639214,0.11796342140117794,0.12543122024508405,0.12740605180510614,0.12518958197086258,0.12363046110921605
0.1255389632603345,0.12545246063170717,0.1256693081095796,0.12531955087168248,0.12348646618898779,0.1232626150884427,0.12336241725198274,0.12790821859728302
0.11859102165468298,0.11812671687403706,0.11969531087121832,0.1109112675668003,0.13628764296507917,0.13310611068127154,0.13736745283820642,0.12591447654870414
0.12968781077086544,0.1295064496204411,0.12915595922791365,0.12276596847457495,0.12195294310791101,0.12154121393853626,0.12119106158196571,0.12419859327779185
0.1280872375265653,0.12694928450262188,0.1277662748855703,0.12237554176956902,0.12357372796065608,0.12309533520438815,0.1235139503923951,0.12463864775823405
0.12209839807115783,0.12365154033022902,0.12335994884601378,0.112576925288498,0.13049368723893578,0.13132624843490365,0.13064692199420297,0.1258463297960591
0.1213028922818587,0.11915412153668065,0.12212462031952454,0.11689557216865602,0.13202512052339263,0.1291551496421171,0.13245120904230384,0.1268913144854666
0.12696309575874165,0.12650898682322426,0.12715560966201297,0.12530452645357631,0.12304131197162523,0.12066331007664735,0.12251030006272161,0.1278528591914506
0.12629223847388654,0.1265560310100076,0.12666653308415798,0.11854246118503582,0.12632145086674498,0.1260797719716541,0.12578919214576115,0.12375232126275185
0.12696951571853818,0.12608447421069505,0.12676458914228678,0.12582888434494846,0.12279709306660969,0.1218926151705345,0.12236737900271999,0.12729544934366732
0.12691038673969238,0.12668609298316566,0.12717671715040746,0.1265047726154982,0.12294090577881016,0.12118662182226123,0.12205795372212364,0.1265365491880413
0.12805921300401513,0.12737217236264614,0.1275064938766956,0.1259277787475008,0.12214810447449059,0.12128461267358769,0.12155268119500794,0.12614894366605622
0.1271374332200796,0.12611584650715318,0.1270511518223168,0.12466818641844897,0.12344465630481259,0.12218354802912218,0.12317447677364468,0.12622470092442198
0.12621805756598561,0.12586379774971826,0.1263006752493605,0.12495765399740685,0.12394230195851269,0.12271590594213694,0.12344041015031834,0.12656119738656088
0.12751927740055785,0.12801503120056684,0.1275733955109731,0.12088114108683469,0.12344429797204179,0.12535225370387687,0.12373767610538865,0.12347692701976026
0.1157350860291346,0.11515212593290139,0.1164579492601993,0.10513166976569233,0.14096204218106406,0.13769836148277514,0.14140666838699448,0.1274560969612387
0.12485661301741974,0.1244391970237195,0.1251060265697911,0.12181666989577113,0.12602990919228899,0.12533207731525667,0.12586200333800934,0.12655750364774354
0.12507704513416387,0.1258818081456631,0.1259290600247095,0.12069873870893845,0.12577377593554995,0.1255190771031179,0.12555629539161278,0.12556419955624445
0.12433557420499187,0.12401042150749425,0.12424910089891818,0.12258092154647793,0.1264013146010729,0.12393848216601631,0.12661585613261075,0.12786832894241779
0.1273427759467431,0.12614229369112576,0.12887761704984088,0.10817247044946879,0.1313268744131932,0.12630429614503502,0.12974136982416554,0.12209230248042781
0.12769260860160586,0.12693226077776967,0.12767070565709257,0.12479170528360285,0.12293227308130578,0.122276842779322,0.12248926760523857,0.12521433621406278
0.1261713690733735,0.12611788136011173,0.1263384651320582,0.12339300144567357,0.12476307863302807,0.12381582239621537,0.12442844640266605,0.12497193555687343
0.11616399849162262,0.11810525551923688,0.11681768319926703,0.10608168385093875,0.13916578940997312,0.1371012560985501,0.13968960265582836,0.12687473077458325
0.12431265486151914,0.1233808822196212,0.12460631013023953,0.11943721251760231,0.12773268127021611,0.12608498218358297,0.12794841867343326,0.12649685814378553
0.12838528451760936,0.12751402009944934,0.12858217859294407,0.12184834163762899,0.12394462378122988,0.12300319061339157,0.12297408690096277,0.12374827385678412
0.12581230317659722,0.12527419456426428,0.12582410266528052,0.12326831180735644,0.1251925478681803,0.12389453844926875,0.12475000564358547,0.12598399582546713
0.12537913447070417,0.12450480291706433,0.12530070776036786,0.12394405211877225,0.125186909030703,0.12386631433519428,0.12492850195723758,0.12688957740995652
0.12380593338843165,0.12345332112015303,0.12418735207976347,0.1191422900182824,0.12809385338025844,0.12748141848528322,0.12802838822841858,0.12580744329940924
0.12463150483252625,0.12497421114792624,0.12492991981634172,0.12027987448006075,0.1270585352906908,0.12595216352673133,0.12710223125497905,0.1250715596507438
0.1262050737965321,0.1231619179157896,0.126867102453278,0.1183309634049003,0.1276273149320755,0.12409196728174024,0.12768166799157524,0.12603399222410902
0.1261010967574671,0.12410373604267498,0.12620871730913047,0.11777700811247904,0.1276036018615817,0.1257241967421723,0.12749049895987813,0.12499114421461638
0.1258649447300068,0.12509855919147253,0.12585616255974102,0.12545328924797308,0.12394040388373494,0.1225880072608363,0.12375160298738681,0.1274470301388486
0.12761050665583645,0.12487620683092898,0.1273603179849768,0.11846704936435483,0.1272065069519628,0.12385263297929817,0.12623991958879308,0.12438685964384891
0.12824743198117922,0.12771166906613293,0.12725726886658625,0.132863392307322,0.11990935906602883,0.11822540446313083,0.11887768876414194,0.12690778548547807
0.12663679057987706,0.12689122114619858,0.12720800075673616,0.12541548055810894,0.12236383352571088,0.12244843704981226,0.12241338911066071,0.12662284727289552
0.12532029335352504,0.12408043165442338,0.12560838700340662,0.12342301574416434,0.12522844501857094,0.12368455245747029,0.12513369411111608,0.12752118065732326
0.12587088923832834,0.12599493612380827,0.1256984580526874,0.12445233914432276,0.12383826664019726,0.12339232263006404,0.12362034432074724,0.12713244384984462
0.12780327215678094,0.12761642602704296,0.12776911597243662,0.12528963253388734,0.12241781130071172,0.12159013867459864,0.12229157082400556,0.12522203251053624
0.12850599628189166,0.12718455434891965,0.1278088671010301,0.12345551365706979,0.12349372582086485,0.1214109651031681,0.1230418194634642,0.12509855822359164
0.12505631706118256,0.12404698098078447,0.1254670766816772,0.11904975075154618,0.12729541777369555,0.12605293060064976,0.1273061477006971,0.12572537844976725
0.1253960425093012,0.12562262773229285,0.1254367185487268,0.12205392849463578,0.12580870223580198,0.1250795541855421,0.12534981555164817,0.12525261074205107
0.12553234788115591,0.12448329366131636,0.12615555942075596,0.11585670461471367,0.12841765936753355,0.12769237871397804,0.12716889858450797,0.12469315775603852
0.12424659609571066,0.12383057686010317,0.12508893103782123,0.11330854526737646,0.13019300694218294,0.13020758489753678,0.1303639425649653,0.1227608163343034
0.1250870713999942,0.12475891168887072,0.12545209745678676,0.12157857833709293,0.12618585323376422,0.12464986264102025,0.1260826997009265,0.1262049255415444
0.12304125586594104,0.12213992051806485,0.12334307607197877,0.12181566364306778,0.12736896742516685,0.12758177687863337,0.1270355761786434,0.12767376341850395
0.120164298605453,0.12042328265514815,0.12096946066153402,0.11474475780800829,0.1329373384880302,0.13056280718612998,0.1339594473101723,0.12623860728552413
0.12112491576710102,0.12309952752395233,0.1214990640916119,0.11623280703767343,0.13169349678751058,0.12972461218164125,0.13181491955753658,0.12481065705297298
0.1206727941021309,0.12259070427729746,0.1212536136022086,0.11640778849626339,0.1290029240852228,0.13276289596131455,0.1308800071459231,0.12642927232963927
0.1265467609712238,0.1265050205935678,0.12645578703656205,0.12663306602030472,0.12288773835372264,0.12186746982011858,0.12239322813795397,0.1267109290665464
0.12540705185068501,0.12498807511486866,0.12535230826064314,0.12494822353441609,0.1240252942427755,0.12345192266719268,0.12430181835155894,0.12752530597786002
0.12566735167328716,0.12551418138214415,0.1258183074116877,0.1224160190887955,0.125219712433184,0.12457093608213825,0.12503473631713183,0.12575875561163147
0.12807958057679458,0.12829773687108773,0.1272873331675259,0.1308979476012079,0.11980633022284048,0.11908220091689256,0.11969722582620997,0.1268516448174408
0.12544286803660826,0.12611081657676895,0.12586395892057858,0.12317269580018107,0.12417506718676743,0.12482477052885964,0.12419098843490554,0.12621883451533047
0.12618328073788002,0.12462348106455706,0.12683313622253894,0.12232645919164425,0.12470943895690978,0.1231124421274642,0.12516550953420585,0.12704625216479987
0.12589440039137612,0.1243861857001598,0.1259980432565308,0.1220981338566948,0.1253358561398056,0.12415830856553424,0.1253425748316478,0.12678649725825097
0.1247897363178793,0.12422046647269298,0.12496348390810136,0.12166737686601678,0.1261023666475686,0.12545555725991706,0.1258790386832499,0.12692197384457404
0.1270379512690128,0.12647965712587847,0.12733542744433157,0.13232832991451704,0.12081635578136479,0.11789736250162225,0.11953613853459133,0.12856877742868172
0.12587420052735365,0.12541305513026563,0.1259148472000049,0.12353646236865194,0.1245862327146554,0.1235207230641689,0.1244559118618534,0.12669856713304614
0.12058768609833373,0.12135701112659036,0.12145640698874176,0.1144370508987858,0.13169935130614205,0.13133069087123478,0.131981547508622,0.1271502552015496
0.1274757447147305,0.12575180040373704,0.12727282370379936,0.12181074447556234,0.12491908760598408,0.1232593828230009,0.12454639861952238,0.12496401765366338
0.12232556260441915,0.12185167236124808,0.12287340760868093,0.1191045297013689,0.12969664239518544,0.12845605923840653,0.12945688252518736,0.12623524356550356
0.1247772696916199,0.1240685148370525,0.12492229423428665,0.11985177707906247,0.12707447248666062,0.12634573536222632,0.12689754618610694,0.1260623901229846
0.1260976840616591,0.12571623903271317,0.12605713123115017,0.12551518977711798,0.1241256385144246,0.122720712722462,0.123503198079875,0.12626420658059787
0.12760117572144566,0.12610476812761537,0.12726425916054107,0.12452043839329696,0.12423874324260172,0.1204183815342526,0.12399795117396349,0.12585428264628318
0.12567161518563646,0.12556403945396907,0.1259206367016367,0.12331542758424498,0.12496931552353004,0.12409807925079114,0.12463262066371975,0.12582826563647187
0.12465422177112269,0.12326672187566405,0.12498464687589841,0.11911097391479095,0.12767987281781,0.1262735016606475,0.12790907643185415,0.1261209846522124
0.12767032238989418,0.12825052651324328,0.1283138346823329,0.12193828041801226,0.12304617123481697,0.12404255583122999,0.12259994480380651,0.12413836412666387
0.12587134883926995,0.12539015373519374,0.12611926672037357,0.12277378386208528,0.125437826590271,0.12418235757317084,0.12473970482046759,0.12548555785916812
0.1276207935799848,0.12697015759439814,0.12758021369799427,0.12265973562366696,0.12394208023441139,0.12332511065570148,0.12343954515264517,0.12446236346119774
0.12668466529002764,0.1262464143343412,0.12691715257564687,0.1187910211981248,0.12588133423124287,0.12586555952072787,0.1257323536654947,0.12388149918439405
0.12233242899289848,0.12400182358829293,0.12466661557620347,0.10780914831375805,0.1328054366615311,0.13213132881936884,0.13218691512354327,0.12406630292440388
0.12637489797211637,0.12592362882848762,0.12637951703992562,0.12452522663733344,0.12420440792025986,0.12287544380478115,0.12368667790991798,0.12603019988717792
0.12436170069953685,0.12314480717419861,0.12489166886884791,0.11920265918975258,0.1265337686032285,0.1250943645495751,0.1276238246594077,0.12914720625545284
0.12578040217306613,0.12472460202309342,0.12585436734136052,0.1251710502634842,0.12387458731564506,0.12269014466711001,0.12377521298838741,0.1281296332278532
0.12548390456042155,0.12489188976334598,0.12540091698307124,0.1213188797390646,0.125974718513437,0.12551394814297168,0.12597082712245572,0.1254449151752323
0.12496142374620446,0.12501050740076308,0.1290986053607725,0.11455255508373333,0.12695686460114008,0.12891489101678097,0.12929271536493114,0.12121243742567446
0.12585122232077545,0.12540440042593795,0.12593185999563722,0.12374995152384413,0.12456813018756821,0.12329294154249262,0.1244803912043838,0.1267211027993606
0.12595486060709316,0.12436716913984866,0.12600927431829118,0.12106641798298211,0.12637969436310728,0.12382513882580187,0.1257655471596665,0.12663189760320936
0.12790989793701055,0.12753311544762622,0.12784810366810231,0.12256304263323346,0.12349462819042668,0.12236604368747217,0.12338186735313308,0.1249033010829955
0.12587586299561623,0.12559967322204274,0.1258863866200592,0.1266901660772454,0.12338816199144073,0.12240275510287221,0.12291283746762176,0.12724415652310173
0.12396164800753257,0.12326678202777312,0.12416482467029365,0.11978160662610389,0.12794621113625318,0.12614214989649747,0.1280190521905103,0.12671772544503593
0.12583900283007507,0.1254777731764093,0.12571356375167192,0.1210958960463601,0.12624719386961478,0.12466297463515827,0.12593953383285844,0.12502406185785217
0.1267584997573839,0.1250868199486034,0.1268305449471851,0.12024894811520855,0.12567625201150345,0.1249390116166869,0.12508157061382283,0.12537835298960592
0.12502571232486775,0.12467571860186556,0.12538359019615514,0.12398614082392032,0.12531248601541442,0.12341114414222477,0.12471759467539002,0.12748761322016205
0.12525325682987445,0.12445530296774471,0.12573682308887157,0.11994386801238763,0.12700730725995316,0.12583190876385206,0.1261036031434528,0.1256679299338636
0.12772169739113606,0.1261137877826371,0.1281983780369388,0.11940411618554389,0.1253817670379746,0.12394727021370652,0.12534212684596685,0.12389085650609619
0.12631228161682997,0.1257715683987522,0.1268604644401928,0.12280897274679552,0.12469276882699605,0.12396734236009757,0.12421225957824947,0.1253743420320864
0.1276076641037814,0.12757888340240994,0.12806432457793845,0.11906899391312041,0.12534641291241896,0.12436200687329692,0.12520412622523777,0.12276758799179614
0.12191825177143198,0.12043247391265476,0.12242073525649012,0.11261778503384444,0.13276725690929203,0.13097383303922064,0.13252279991903038,0.1263468641580357
0.127095097498238,0.12657614895779776,0.12716106782615072,0.12285506395648911,0.12396073189613296,0.12256586821846896,0.12400577261258125,0.1257802490341412
0.1254363489699155,0.1252783493311528,0.1256573139793365,0.12481693752249176,0.124304807732827,0.12317239999732249,0.12393160349762485,0.12740223896932912
0.12591472667319492,0.12536960178024134,0.12612437656188139,0.12232424529650844,0.12541858651381907,0.1242053265089063,0.12512764243391694,0.1255154942315316
0.1262404314516927,0.12542146018082276,0.12651001697571734,0.12043784409152715,0.12586672161062673,0.12447844387189455,0.1253650852740652,0.12567999654365358
0.12609698176444092,0.12621654351354314,0.12628317559751556,0.1135948323389713,0.1280779345280022,0.12888696976732236,0.12846752141139492,0.1223760410788095
0.12427948782160447,0.1240069162709194,0.12421008149396101,0.11547328562425672,0.12893096074549024,0.12916891713815803,0.12913518222503692,0.12479516868057307
0.12575591532684285,0.12489271735281758,0.12584115500242918,0.12347134324896925,0.12516954785903123,0.12374461350475692,0.12483563052717901,0.12628907717797402
0.12788403114074448,0.1270018756702425,0.12748033921318086,0.12059320722101434,0.12482513485145877,0.12385120432812001,0.12439779826392279,0.12396640931131638
0.1214896458840966,0.12031741946237212,0.12209057946710322,0.11539564255679577,0.1324816633493891,0.12963576989831269,0.13231452004578131,0.12627475933614923
0.12620160763606483,0.12587837792170353,0.12631298617840403,0.12221854880992049,0.12510045898636035,0.12409014995251397,0.12490088679934312,0.12529698371568976
0.12712717463538933,0.12643984008723236,0.12709274692886463,0.12534656453623547,0.12341339949914243,0.12268727163873028,0.12261106419459339,0.12528193847981203
0.12613146258667698,0.12560452107790893,0.12599630110263327,0.12405889780272526,0.1241675920155604,0.12368258387551911,0.12386710650658582,0.12649153503239025
0.12611565818732598,0.12645094855053396,0.12736613629944973,0.11395807234184478,0.12828267136366853,0.12590995043273712,0.1279628150200855,0.12395374780435438
0.1260599209005624,0.12670245121062235,0.12571936125038188,0.12602423522040726,0.1225478758788679,0.12317337059298185,0.12215594246838381,0.1276168424777925
0.1277633626866918,0.12771178018630194,0.12762757112510634,0.12563233456615383,0.12261724641567041,0.12146216565485217,0.1220560799894281,0.12512945937579545
0.12549213941394116,0.12548531813609382,0.1255203176599392,0.12525768887757333,0.12427489400871462,0.12319281948374008,0.12383659593169286,0.12694022648830502
0.12497772231937951,0.1246568201063995,0.12463557078131254,0.11968300450054957,0.12748272669849825,0.1258519615089836,0.12689114454494327,0.12582104953993367
0.1183250260207483,0.11955719583836316,0.11917520779613047,0.11426554590899236,0.13380266488465437,0.1338500507498144,0.13482381137821306,0.12620049742308376
0.1299203460087569,0.12827994567258968,0.12927219538681672,0.1287505816525177,0.12031285962174854,0.11923935204755912,0.12013287515410974,0.12409184445590161
0.12346546388074509,0.11994171084640125,0.12560189846214864,0.11880587182275827,0.12879185166352505,0.12437488814478534,0.12920592159989966,0.1298123935797368
0.12693142452411152,0.12764410308190507,0.1265902228268692,0.12948374738370275,0.12034184604839174,0.11995090222584115,0.1202947509213242,0.12876300298785437
0.12481842490042687,0.1263503067487014,0.124742428382619,0.1171035329019551,0.126596531792055,0.12912406883061084,0.1268631033028892,0.1244016031407426
0.12702851502676246,0.12751913624772251,0.1273777475090667,0.12255854148831694,0.12416406185421736,0.12338097607433077,0.12371067078212152,0.12426035101746173
0.12446094943734377,0.12228489415653043,0.12383120452082416,0.13124112404967284,0.12372865784920971,0.12238831638210944,0.1258461574182673,0.12621869618604242
0.12279419805389373,0.11921451456307859,0.1242094762077183,0.11509633760079309,0.1305456476853977,0.12773708254611169,0.13008924368952104,0.1303134996534859
0.12540733454788106,0.1259750623306261,0.12568457407386865,0.12261139585553803,0.12509030485987932,0.12431482250891168,0.125177856775862,0.12573864904743304
0.12611668487886044,0.12488033294746793,0.12634346857456272,0.12070660052425411,0.12605143588727855,0.12465930607567334,0.12587145280299258,0.12537071830891036
0.12088688756541362,0.12112468437997946,0.12214722776213689,0.12153020174403445,0.1295983116566954,0.12597443936624284,0.1284769456379994,0.13026130188749796
0.12542059510806683,0.12520235058501447,0.1255444607804521,0.1232010304315901,0.12509127693805247,0.12425397156656724,0.12477454881316459,0.12651176577709225
